Image Index,ROI1 Blue Intensity LOWESS,ROI2 Blue Intensity LOWESS,ROI3 Blue Intensity LOWESS,ROI4 Blue Intensity LOWESS,ROI5 Blue Intensity LOWESS,R1,R2,ROI3 Blue Intensity LOWESS,R4,R5,,,,,
1,54.19819036,40.45093696,33.62349785,38.26251475,45.02018325,33.62350036,33.62349796,33.62349785,33.62349775,33.62349325,,20.57469251,6.827439105,4.639016896,11.39668539
2,54.2016305,40.45094248,33.62288887,38.26188875,45.01621104,33.6269405,33.62350348,33.62288887,33.62287175,33.61952104,,,,,
3,54.2050918,40.45093497,33.62226332,38.26124879,45.01222391,33.6304018,33.62349597,33.62226332,33.62223179,33.61553391,,,,,
4,54.20857534,40.45091473,33.62162147,38.26059513,45.00822221,33.63388534,33.62347573,33.62162147,33.62157813,33.61153221,,,,,
5,54.21208229,40.45088214,33.62096363,38.25992813,45.00420635,33.63739229,33.62344314,33.62096363,33.62091113,33.60751635,,,,,
6,54.21561392,40.45083764,33.62029019,38.25924817,45.00017686,33.64092392,33.62339864,33.62029019,33.62023117,33.60348686,,,,,
7,54.21917151,40.4507817,33.61960157,38.25855563,44.99613426,33.64448151,33.6233427,33.61960157,33.61953863,33.59944426,,,,,
8,54.22275625,40.45071471,33.61889816,38.25785079,44.99207899,33.64806625,33.62327571,33.61889816,33.61883379,33.59538899,,,,,
9,54.22636937,40.45063706,33.61818036,38.25713392,44.9880115,33.65167937,33.62319806,33.61818036,33.61811692,33.5913215,,,,,
10,54.23001206,40.45054906,33.61744855,38.25640524,44.98393216,33.65532206,33.62311006,33.61744855,33.61738824,33.58724216,,,,,
11,54.23368556,40.45045109,33.61670318,38.25566505,44.97984146,33.65899556,33.62301209,33.61670318,33.61664805,33.58315146,,,,,
12,54.23739118,40.45034359,33.61594478,38.25491372,44.97574001,33.66270118,33.62290459,33.61594478,33.61589672,33.57905001,,,,,
13,54.24113021,40.45022696,33.6151738,38.25415159,44.97162842,33.66644021,33.62278796,33.6151738,33.61513459,33.57493842,,,,,
14,54.24490389,40.45010154,33.61439064,38.25337897,44.96750726,33.67021389,33.62266254,33.61439064,33.61436197,33.57081726,,,,,
15,54.24871348,40.44996774,33.61359573,38.25259622,44.96337719,33.67402348,33.62252874,33.61359573,33.61357922,33.56668719,,,,,
16,54.25256018,40.44982589,33.61278942,38.25180363,44.95923873,33.67787018,33.62238689,33.61278942,33.61278663,33.56254873,,,,,
17,54.25644506,40.44967627,33.611972,38.25100138,44.95509234,33.68175506,33.62223727,33.611972,33.61198438,33.55840234,,,,,
18,54.2603692,40.44951917,33.6111438,38.25018966,44.95093849,33.6856792,33.62208017,33.6111438,33.61117266,33.55424849,,,,,
19,54.2643336,40.44935486,33.61030514,38.24936859,44.94677764,33.6896436,33.62191586,33.61030514,33.61035159,33.55008764,,,,,
20,54.26833921,40.44918362,33.60945634,38.24853833,44.94261027,33.69364921,33.62174462,33.60945634,33.60952133,33.54592027,,,,,
21,54.27238691,40.44900564,33.60859762,38.24769896,44.93843678,33.69769691,33.62156664,33.60859762,33.60868196,33.54174678,,,,,
22,54.27647748,40.44882103,33.60772914,38.24685052,44.9342575,33.70178748,33.62138203,33.60772914,33.60783352,33.5375675,,,,,
23,54.28061173,40.44862994,33.60685105,38.24599305,44.93007281,33.70592173,33.62119094,33.60685105,33.60697605,33.53338281,,,,,
24,54.28479053,40.44843254,33.60596359,38.24512665,44.92588309,33.71010053,33.62099354,33.60596359,33.60610965,33.52919309,,,,,
25,54.28901467,40.44822899,33.60506693,38.24425138,44.92168873,33.71432467,33.62078999,33.60506693,33.60523438,33.52499873,,,,,
26,54.29328499,40.44801948,33.60416131,38.24336732,44.91749011,33.71859499,33.62058048,33.60416131,33.60435032,33.52080011,,,,,
27,54.29760247,40.44780436,33.60324712,38.24247473,44.91328778,33.72291247,33.62036536,33.60324712,33.60345773,33.51659778,,,,,
28,54.3019686,40.44758435,33.60232509,38.2415742,44.90908248,33.7272786,33.62014535,33.60232509,33.6025572,33.51239248,,,,,
29,54.30638475,40.44736016,33.6013959,38.24066624,44.90487487,33.73169475,33.61992116,33.6013959,33.60164924,33.50818487,,,,,
30,54.31085209,40.44713236,33.6004601,38.2397512,44.90066541,33.73616209,33.61969336,33.6004601,33.6007342,33.50397541,,,,,
31,54.31537167,40.44690143,33.59951817,38.23882931,44.89645442,33.74068167,33.61946243,33.59951817,33.59981231,33.49976442,,,,,
32,54.31994438,40.44666773,33.59857044,38.2379007,44.89224208,33.74525438,33.61922873,33.59857044,33.5988837,33.49555208,,,,,
33,54.32457103,40.44643156,33.59761721,38.23696546,44.88802856,33.74988103,33.61899256,33.59761721,33.59794846,33.49133856,,,,,
34,54.32925237,40.44619315,33.59665867,38.23602361,44.88381391,33.75456237,33.61875415,33.59665867,33.59700661,33.48712391,,,,,
35,54.33398918,40.44595276,33.59569504,38.23507519,44.87959827,33.75929918,33.61851376,33.59569504,33.59605819,33.48290827,,,,,
36,54.33878228,40.44571073,33.59472654,38.23412029,44.87538181,33.76409228,33.61827173,33.59472654,33.59510329,33.47869181,,,,,
37,54.34363242,40.44546734,33.59375339,38.23315897,44.87116462,33.76894242,33.61802834,33.59375339,33.59414197,33.47447462,,,,,
38,54.34854036,40.44522292,33.59277574,38.2321913,44.86694677,33.77385036,33.61778392,33.59277574,33.5931743,33.47025677,,,,,
39,54.35350677,40.44497768,33.59179367,38.23121732,44.86272827,33.77881677,33.61753868,33.59179367,33.59220032,33.46603827,,,,,
40,54.35853221,40.44473178,33.59080717,38.23023698,44.85850902,33.78384221,33.61729278,33.59080717,33.59121998,33.46181902,,,,,
41,54.36361721,40.44448533,33.58981624,38.22925024,44.85428895,33.78892721,33.61704633,33.58981624,33.59023324,33.45759895,,,,,
42,54.36876229,40.44423838,33.58882083,38.22825701,44.85006791,33.79407229,33.61679938,33.58882083,33.58924001,33.45337791,,,,,
43,54.37396801,40.44399104,33.58782093,38.22725726,44.84584579,33.79927801,33.61655204,33.58782093,33.58824026,33.44915579,,,,,
44,54.37923498,40.44374345,33.58681657,38.226251,44.84162243,33.80454498,33.61630445,33.58681657,33.587234,33.44493243,,,,,
45,54.38456379,40.44349569,33.58580777,38.22523824,44.83739766,33.80987379,33.61605669,33.58580777,33.58622124,33.44070766,,,,,
46,54.38995513,40.4432479,33.58479461,38.22421909,44.83317134,33.81526513,33.6158089,33.58479461,33.58520209,33.43648134,,,,,
47,54.39540972,40.44300027,33.58377715,38.22319368,44.82894335,33.82071972,33.61556127,33.58377715,33.58417668,33.43225335,,,,,
48,54.40092822,40.44275294,33.58275546,38.22216212,44.82471353,33.82623822,33.61531394,33.58275546,33.58314512,33.42802353,,,,,
49,54.40651134,40.44250612,33.58172961,38.22112457,44.82048176,33.83182134,33.61506712,33.58172961,33.58210757,33.42379176,,,,,
50,54.41215978,40.44226003,33.58069971,38.22008122,44.81624793,33.83746978,33.61482103,33.58069971,33.58106422,33.41955793,,,,,
51,54.41787421,40.44201485,33.57966583,38.2190322,44.81201194,33.84318421,33.61457585,33.57966583,33.5800152,33.41532194,,,,,
52,54.42365533,40.44177076,33.57862803,38.21797766,44.80777363,33.84896533,33.61433176,33.57862803,33.57896066,33.41108363,,,,,
53,54.42950375,40.44152794,33.57758635,38.21691767,44.80353283,33.85481375,33.61408894,33.57758635,33.57790067,33.40684283,,,,,
54,54.43542012,40.44128657,33.57654082,38.21585232,44.79928931,33.86073012,33.61384757,33.57654082,33.57683532,33.40259931,,,,,
55,54.441405,40.4410468,33.57549137,38.21478158,44.7950428,33.866715,33.6136078,33.57549137,33.57576458,33.3983528,,,,,
56,54.44745887,40.44080867,33.57443788,38.21370539,44.79079293,33.87276887,33.61336967,33.57443788,33.57468839,33.39410293,,,,,
57,54.45358218,40.44057224,33.57338023,38.21262368,44.78653935,33.87889218,33.61313324,33.57338023,33.57360668,33.38984935,,,,,
58,54.45977528,40.44033748,33.57231821,38.21153629,44.78228164,33.88508528,33.61289848,33.57231821,33.57251929,33.38559164,,,,,
59,54.4660384,40.44010421,33.57125155,38.21044297,44.77801934,33.8913484,33.61266521,33.57125155,33.57142597,33.38132934,,,,,
60,54.47237175,40.43987229,33.57018,38.20934349,44.773752,33.89768175,33.61243329,33.57018,33.57032649,33.377062,,,,,
61,54.47877546,40.43964149,33.56910326,38.20823752,44.76947914,33.90408546,33.61220249,33.56910326,33.56922052,33.37278914,,,,,
62,54.48524952,40.43941148,33.56802093,38.20712461,44.76520018,33.91055952,33.61197248,33.56802093,33.56810761,33.36851018,,,,,
63,54.49179396,40.43918194,33.56693264,38.20600434,44.76091454,33.91710396,33.61174294,33.56693264,33.56698734,33.36422454,,,,,
64,54.49840872,40.43895249,33.56583793,38.20487625,44.7566216,33.92371872,33.61151349,33.56583793,33.56585925,33.3599316,,,,,
65,54.50509382,40.43872278,33.56473643,38.20373994,44.75232078,33.93040382,33.61128378,33.56473643,33.56472294,33.35563078,,,,,
66,54.51184931,40.43849249,33.56362779,38.20259507,44.74801156,33.93715931,33.61105349,33.56362779,33.56357807,33.35132156,,,,,
67,54.51867517,40.43826129,33.56251166,38.20144126,44.74369339,33.94398517,33.61082229,33.56251166,33.56242426,33.34700339,,,,,
68,54.52557148,40.43802887,33.5613877,38.20027822,44.73936576,33.95088148,33.61058987,33.5613877,33.56126122,33.34267576,,,,,
69,54.5325383,40.43779498,33.56025556,38.19910568,44.73502818,33.9578483,33.61035598,33.56025556,33.56008868,33.33833818,,,,,
70,54.53957564,40.43755928,33.55911487,38.19792334,44.73068012,33.96488564,33.61012028,33.55911487,33.55890634,33.33399012,,,,,
71,54.54668345,40.43732145,33.55796527,38.19673091,44.72632102,33.97199345,33.60988245,33.55796527,33.55771391,33.32963102,,,,,
72,54.55386154,40.43708112,33.5568063,38.19552802,44.72195028,33.97917154,33.60964212,33.5568063,33.55651102,33.32526028,,,,,
73,54.56110972,40.43683796,33.55563753,38.19431433,44.71756723,33.98641972,33.60939896,33.55563753,33.55529733,33.32087723,,,,,
74,54.56842761,40.43659151,33.55445838,38.19308937,44.71317109,33.99373761,33.60915251,33.55445838,33.55407237,33.31648109,,,,,
75,54.57581468,40.4363412,33.55326814,38.19185256,44.70876086,34.00112468,33.6089022,33.55326814,33.55283556,33.31207086,,,,,
76,54.58327031,40.4360864,33.5520661,38.1906033,44.70433548,34.00858031,33.6086474,33.5520661,33.5515863,33.30764548,,,,,
77,54.5907937,40.43582638,33.55085142,38.18934091,44.69989375,34.0161037,33.60838738,33.55085142,33.55032391,33.30320375,,,,,
78,54.59838382,40.43556028,33.54962313,38.18806458,44.69543433,34.02369382,33.60812128,33.54962313,33.54904758,33.29874433,,,,,
79,54.60603946,40.4352873,33.54838024,38.18677346,44.69095585,34.03134946,33.6078483,33.54838024,33.54775646,33.29426585,,,,,
80,54.61375923,40.43500652,33.54712164,38.18546664,44.68645686,34.03906923,33.60756752,33.54712164,33.54644964,33.28976686,,,,,
81,54.62154165,40.4347171,33.54584624,38.18414326,44.68193587,34.04685165,33.6072781,33.54584624,33.54512626,33.28524587,,,,,
82,54.62938517,40.43441817,33.54455293,38.18280247,44.67739139,34.05469517,33.60697917,33.54455293,33.54378547,33.28070139,,,,,
83,54.63728794,40.43410873,33.54324047,38.18144332,44.67282172,34.06259794,33.60666973,33.54324047,33.54242632,33.27613172,,,,,
84,54.6452479,40.4337877,33.54190751,38.18006475,44.66822499,34.0705579,33.6063487,33.54190751,33.54104775,33.27153499,,,,,
85,54.65326283,40.43345393,33.54055261,38.1786657,44.66359924,34.07857283,33.60601493,33.54055261,33.5396487,33.26690924,,,,,
86,54.66133024,40.43310617,33.53917417,38.177245,44.65894223,34.08664024,33.60566717,33.53917417,33.538228,33.26225223,,,,,
87,54.66944743,40.43274305,33.53777042,38.17580138,44.65425159,34.09475743,33.60530405,33.53777042,33.53678438,33.25756159,,,,,
88,54.67761145,40.43236307,33.5363394,38.1743334,44.64952473,34.10292145,33.60492407,33.5363394,33.5353164,33.25283473,,,,,
89,54.68581918,40.43196458,33.53487898,38.17283953,44.64475885,34.11112918,33.60452558,33.53487898,33.53382253,33.24806885,,,,,
90,54.6940674,40.4315458,33.53338692,38.17131811,44.63995099,34.1193774,33.6041068,33.53338692,33.53230111,33.24326099,,,,,
91,54.70235256,40.4311046,33.53186063,38.16976729,44.63509787,34.12766256,33.6036656,33.53186063,33.53075029,33.23840787,,,,,
92,54.71067104,40.43063866,33.53029733,38.16818509,44.63019601,34.13598104,33.60319966,33.53029733,33.52916809,33.23350601,,,,,
93,54.71901917,40.43014547,33.52869398,38.16656939,44.62524164,34.14432917,33.60270647,33.52869398,33.52755239,33.22855164,,,,,
94,54.72739315,40.42962213,33.5270471,38.16491778,44.62023056,34.15270315,33.60218313,33.5270471,33.52590078,33.22354056,,,,,
95,54.73578929,40.42906549,33.52535288,38.16322762,44.61515815,34.16109929,33.60162649,33.52535288,33.52421062,33.21846815,,,,,
96,54.74420406,40.42847195,33.52360703,38.16149588,44.61001934,34.16951406,33.60103295,33.52360703,33.52247888,33.21332934,,,,,
97,54.75263418,40.42783743,33.52180461,38.1597191,44.60480846,34.17794418,33.60039843,33.52180461,33.5207021,33.20811846,,,,,
98,54.76107705,40.42715747,33.51994015,38.15789346,44.59951943,34.18638705,33.59971847,33.51994015,33.51887646,33.20282943,,,,,
99,54.76953092,40.42642698,33.5180075,38.15601463,44.59414549,34.19484092,33.59898798,33.5180075,33.51699763,33.19745549,,,,,
100,54.77799526,40.42564034,33.51599971,38.1540777,44.58867919,34.20330526,33.59820134,33.51599971,33.5150607,33.19198919,,,,,
101,54.78647163,40.42479154,33.51390928,38.15207732,44.58311276,34.21178163,33.59735254,33.51390928,33.51306032,33.18642276,,,,,
102,54.79496432,40.42387425,33.51172806,38.15000773,44.57743811,34.22027432,33.59643525,33.51172806,33.51099073,33.18074811,,,,,
103,54.80348141,40.42288219,33.50944773,38.14786309,44.57164739,34.22879141,33.59544319,33.50944773,33.50884609,33.17495739,,,,,
104,54.81203586,40.42180946,33.50706003,38.14563767,44.56573328,34.23734586,33.59437046,33.50706003,33.50662067,33.16904328,,,,,
105,54.82064647,40.42065069,33.50455713,38.14332608,44.55968941,34.24595647,33.59321169,33.50455713,33.50430908,33.16299941,,,,,
106,54.82933937,40.419402,33.50193247,38.14092403,44.55351155,34.25464937,33.591963,33.50193247,33.50190703,33.15682155,,,,,
107,54.8381493,40.41806195,33.49918196,38.13842927,44.5471989,34.2634593,33.59062295,33.49918196,33.49941227,33.1505089,,,,,
108,54.84712062,40.41663287,33.49630556,38.13584288,44.54075587,34.27243062,33.58919387,33.49630556,33.49682588,33.14406587,,,,,
109,54.85630749,40.41512243,33.4933093,38.13317088,44.53419428,34.28161749,33.58768343,33.4933093,33.49415388,33.13750428,,,,,
110,54.86577261,40.41354547,33.49020759,38.13042626,44.527536,34.29108261,33.58610647,33.49020759,33.49140926,33.130846,,,,,
111,54.87558471,40.41192656,33.48702662,38.12763178,44.52081637,34.30089471,33.58448756,33.48702662,33.48861478,33.12412637,,,,,
112,54.90756615,40.41236299,33.48413958,38.12449424,44.5145416,34.33287615,33.58492399,33.48413958,33.48547724,33.1178516,,,,,
113,54.94187121,40.41303719,33.48131303,38.1213657,44.50833802,34.36718121,33.58559819,33.48131303,33.4823487,33.11164802,,,,,
114,54.97864052,40.41396381,33.4785529,38.11824719,44.50221152,34.40395052,33.58652481,33.4785529,33.47923019,33.10552152,,,,,
115,55.01801573,40.41515604,33.47586369,38.1151382,44.49616652,34.44332573,33.58771704,33.47586369,33.4761212,33.09947652,,,,,
116,55.06014289,40.41662781,33.47324973,38.11203792,44.49020709,34.48545289,33.58918881,33.47324973,33.47302092,33.09351709,,,,,
117,55.10517057,40.41839241,33.47071392,38.10894476,44.48433604,34.53048057,33.59095341,33.47071392,33.46992776,33.08764604,,,,,
118,55.15324956,40.42046382,33.46825905,38.10585735,44.47855604,34.57855956,33.59302482,33.46825905,33.46684035,33.08186604,,,,,
119,55.20453327,40.42285806,33.46588817,38.1027756,44.47287022,34.62984327,33.59541906,33.46588817,33.4637586,33.07618022,,,,,
120,55.25917688,40.42559254,33.46360477,38.09970061,44.46728283,34.68448688,33.59815354,33.46360477,33.46068361,33.07059283,,,,,
121,55.31733206,40.42868759,33.46141321,38.0966344,44.46179826,34.74264206,33.60124859,33.46141321,33.4576174,33.06510826,,,,,
122,55.37914542,40.43216661,33.45931898,38.09357968,44.45642106,34.80445542,33.60472761,33.45931898,33.45456268,33.05973106,,,,,
123,55.44476485,40.43605389,33.45732805,38.09053946,44.45115588,34.87007485,33.60861489,33.45732805,33.45152246,33.05446588,,,,,
124,55.51433872,40.4403744,33.45544634,38.08751686,44.44600677,34.93964872,33.6129354,33.45544634,33.44849986,33.04931677,,,,,
125,55.58801062,40.44515564,33.45368036,38.08451502,44.44097736,35.01332062,33.61771664,33.45368036,33.44549802,33.04428736,,,,,
126,55.6659244,40.4504259,33.45203638,38.08153728,44.43607096,35.0912344,33.6229869,33.45203638,33.44252028,33.03938096,,,,,
127,55.74822498,40.45621353,33.4505202,38.07858667,44.43129025,35.17353498,33.62877453,33.4505202,33.43956967,33.03460025,,,,,
128,55.83505641,40.4625458,33.44913612,38.07566509,44.42663604,35.26036641,33.6351068,33.44913612,33.43664809,33.02994604,,,,,
129,55.92655992,40.4694507,33.44788773,38.07277435,44.42210835,35.35186992,33.6420117,33.44788773,33.43375735,33.02541835,,,,,
130,56.0228672,40.47695921,33.44677892,38.06991634,44.41770695,35.4481772,33.64952021,33.44677892,33.43089934,33.02101695,,,,,
131,56.12410808,40.48510339,33.44581371,38.06709301,44.4134308,35.54941808,33.65766439,33.44581371,33.42807601,33.0167408,,,,,
132,56.23040925,40.49391668,33.44499653,38.06430646,44.4092786,35.65571925,33.66647768,33.44499653,33.42528946,33.0125886,,,,,
133,56.34188542,40.50343601,33.44433258,38.06155886,44.40524859,35.76719542,33.67599701,33.44433258,33.42254186,33.00855859,,,,,
134,56.45864572,40.51369936,33.44382626,38.05885129,44.40133738,35.88395572,33.68626036,33.44382626,33.41983429,33.00464738,,,,,
135,56.58078905,40.52475104,33.44348357,38.05618571,44.39754217,36.00609905,33.69731204,33.44348357,33.41716871,33.00085217,,,,,
136,56.70840398,40.53664033,33.44331094,38.05356455,44.39385996,36.13371398,33.70920133,33.44331094,33.41454755,32.99716996,,,,,
137,56.84157438,40.54941599,33.44331252,38.05098806,44.39028505,36.26688438,33.72197699,33.44331252,33.41197106,32.99359505,,,,,
138,56.98037011,40.56312581,33.44348759,38.0484517,44.38680795,36.40568011,33.73568681,33.44348759,33.4094347,32.99011795,,,,,
139,57.12486006,40.57781747,33.44383428,38.04595068,44.38341855,36.55017006,33.75037847,33.44383428,33.40693368,32.98672855,,,,,
140,57.27511351,40.59354115,33.44435079,38.04348124,44.38010724,36.70042351,33.76610215,33.44435079,33.40446424,32.98341724,,,,,
141,57.43119274,40.61035539,33.44503681,38.04104143,44.37686621,36.85650274,33.78291639,33.44503681,33.40202443,32.98017621,,,,,
142,57.59316045,40.62832247,33.44589305,38.03863001,44.37368832,37.01847045,33.80088347,33.44589305,33.39961301,32.97699832,,,,,
143,57.76107847,40.64750856,33.44692022,38.03624511,44.37056589,37.18638847,33.82006956,33.44692022,33.39722811,32.97387589,,,,,
144,57.93500202,40.66799092,33.44812168,38.03388677,44.36749311,37.36031202,33.84055192,33.44812168,33.39486977,32.97080311,,,,,
145,58.11498411,40.68984979,33.44950049,38.03155437,44.36446324,37.54029411,33.86241079,33.44950049,33.39253737,32.96777324,,,,,
146,58.30107564,40.71316962,33.45105896,38.02924594,44.36146815,37.72638564,33.88573062,33.45105896,33.39022894,32.96477815,,,,,
147,58.49331997,40.73805025,33.45280202,38.02696152,44.35850174,37.91862997,33.91061125,33.45280202,33.38794452,32.96181174,,,,,
148,58.69175351,40.76460618,33.45473661,38.02470215,44.3555594,38.11706351,33.93716718,33.45473661,33.38568515,32.9588694,,,,,
149,58.89641176,40.79296103,33.45687105,38.02246965,44.35263717,38.32172176,33.96552203,33.45687105,33.38345265,32.95594717,,,,,
150,59.107326,40.82325085,33.45921605,38.02026804,44.34973283,38.532636,33.99581185,33.45921605,33.38125104,32.95304283,,,,,
151,59.32452538,40.85561503,33.46178171,38.0181011,44.34684358,38.74983538,34.02817603,33.46178171,33.3790841,32.95015358,,,,,
152,59.54803769,40.89019856,33.46457856,38.01597237,44.34396698,38.97334769,34.06275956,33.46457856,33.37695537,32.94727698,,,,,
153,59.77788461,40.92715566,33.46761798,38.01388555,44.34110073,39.20319461,34.09971666,33.46761798,33.37486855,32.94441073,,,,,
154,60.01408336,40.96664369,33.47090985,38.01184302,44.33824147,39.43939336,34.13920469,33.47090985,33.37282602,32.94155147,,,,,
155,60.25664831,41.00882553,33.4744642,38.00984686,44.33538644,39.68195831,34.18138653,33.4744642,33.37082986,32.93869644,,,,,
156,60.50558729,41.05387032,33.47829232,38.00789898,44.33253326,39.93089729,34.22643132,33.47829232,33.36888198,32.93584326,,,,,
157,60.76090217,41.10194948,33.48240531,38.00600004,44.32967869,40.18621217,34.27451048,33.48240531,33.36698304,32.93298869,,,,,
158,61.02259006,41.15323795,33.48681667,38.00415175,44.32682094,40.44790006,34.32579895,33.48681667,33.36513475,32.93013094,,,,,
159,61.29064259,41.2079118,33.49153863,38.00235423,44.32395653,40.71595259,34.3804728,33.49153863,33.36333723,32.92726653,,,,,
160,61.56504481,41.26614676,33.49658227,38.00060582,44.32108028,40.99035481,34.43870776,33.49658227,33.36158882,32.92439028,,,,,
161,61.84577615,41.32811583,33.50196217,37.99890619,44.31818888,41.27108615,34.50067683,33.50196217,33.35988919,32.92149888,,,,,
162,62.13280985,41.39398791,33.50769513,37.99725561,44.31527981,41.55811985,34.56654891,33.50769513,33.35823861,32.91858981,,,,,
163,62.42611372,41.46393258,33.51379826,37.99565441,44.31235126,41.85142372,34.63649358,33.51379826,33.35663741,32.91566126,,,,,
164,62.72564951,41.53811821,33.52028908,37.99410238,44.3094009,42.15095951,34.71067921,33.52028908,33.35508538,32.9127109,,,,,
165,63.03137365,41.61670652,33.52718864,37.99260112,44.30642807,42.45668365,34.78926752,33.52718864,33.35358412,32.90973807,,,,,
166,63.34323558,41.69985886,33.53451909,37.99115259,44.30343225,42.76854558,34.87241986,33.53451909,33.35213559,32.90674225,,,,,
167,63.66117692,41.78773661,33.5423023,37.98975787,44.30041188,43.08648692,34.96029761,33.5423023,33.35074087,32.90372188,,,,,
168,63.98512989,41.88050103,33.5505602,37.98841827,44.29736494,43.41043989,35.05306203,33.5505602,33.34940127,32.90067494,,,,,
169,64.31501856,41.97830941,33.5593165,37.98713591,44.29429009,43.74032856,35.15087041,33.5593165,33.34811891,32.89760009,,,,,
170,64.65076172,42.08130488,33.56859959,37.98591384,44.29118612,44.07607172,35.25386588,33.56859959,33.34689684,32.89449612,,,,,
171,64.99227188,42.1896238,33.57844123,37.98475655,44.28805268,44.41758188,35.3621848,33.57844123,33.34573955,32.89136268,,,,,
172,65.33945978,42.30338493,33.58888066,37.98367135,44.28489187,44.76476978,35.47594593,33.58888066,33.34465435,32.88820187,,,,,
173,65.69223302,42.42269003,33.59996341,37.98266685,44.28170696,45.11754302,35.59525103,33.59996341,33.34364985,32.88501696,,,,,
174,66.05049266,42.54763628,33.6117387,37.98175225,44.27850185,45.47580266,35.72019728,33.6117387,33.34273525,32.88181185,,,,,
175,66.41413703,42.67830305,33.62426267,37.9809374,44.27528026,45.83944703,35.85086405,33.62426267,33.3419204,32.87859026,,,,,
176,66.78306215,42.81475407,33.63759822,37.98023241,44.27204564,46.20837215,35.98731507,33.63759822,33.34121541,32.87535564,,,,,
177,67.15715804,42.95705231,33.6518117,37.97964731,44.26880168,46.58246804,36.12961331,33.6518117,33.34063031,32.87211168,,,,,
178,67.5363104,43.10525144,33.66697543,37.97919186,44.26555123,46.9616204,36.27781244,33.66697543,33.34017486,32.86886123,,,,,
179,67.92039374,43.25940818,33.68316136,37.97887431,44.26229529,47.34570374,36.43196918,33.68316136,33.33985731,32.86560529,,,,,
180,68.30927587,43.41958261,33.70044388,37.97870272,44.25903497,47.73458587,36.59214361,33.70044388,33.33968572,32.86234497,,,,,
181,68.70282647,43.58582152,33.71890736,37.97868614,44.255772,48.12813647,36.75838252,33.71890736,33.33966914,32.859082,,,,,
182,69.10091777,43.75816106,33.73864683,37.97883547,44.25250986,48.52622777,36.93072206,33.73864683,33.33981847,32.85581986,,,,,
183,69.50341755,43.93663998,33.75976084,37.97916115,44.24925129,48.92872755,37.10920098,33.75976084,33.34014415,32.85256129,,,,,
184,69.91019782,44.12129051,33.78235947,37.97967559,44.24600078,49.33550782,37.29385151,33.78235947,33.34065859,32.84931078,,,,,
185,70.32113525,44.31214,33.8065643,37.98039364,44.24276539,49.74644525,37.484701,33.8065643,33.34137664,32.84607539,,,,,
186,70.73610361,44.50922187,33.83250068,37.98132974,44.23955237,50.16141361,37.68178287,33.83250068,33.34231274,32.84286237,,,,,
187,71.1549831,44.7125665,33.86030548,37.98250077,44.23637088,50.5802931,37.8851275,33.86030548,33.34348377,32.83968088,,,,,
188,71.57766096,44.92220293,33.89012702,37.98392649,44.2332322,51.00297096,38.09476393,33.89012702,33.34490949,32.8365422,,,,,
189,72.00402322,45.13816815,33.92211729,37.9856267,44.23014677,51.42933322,38.31072915,33.92211729,33.3466097,32.83345677,,,,,
190,72.43396391,45.36049886,33.95643857,37.98762339,44.22712598,51.85927391,38.53305986,33.95643857,33.34860639,32.83043598,,,,,
191,72.86738359,45.58923216,33.99326133,37.98993923,44.22418168,52.29269359,38.76179316,33.99326133,33.35092223,32.82749168,,,,,
192,73.30418202,45.82441432,34.03275739,37.99259559,44.22132455,52.72949202,38.99697532,34.03275739,33.35357859,32.82463455,,,,,
193,73.74426287,46.06609238,34.07510442,37.99561777,44.2185672,53.16957287,39.23865338,34.07510442,33.35660077,32.8218772,,,,,
194,74.18751417,46.314309,34.12048046,37.99904102,44.21592607,53.61282417,39.48687,34.12048046,33.36002402,32.81923607,,,,,
195,74.63381418,46.56911102,34.16906296,38.00290107,44.21341752,54.05912418,39.74167202,34.16906296,33.36388407,32.81672752,,,,,
196,75.08304622,46.83054485,34.22103256,38.00723412,44.21105898,54.50835622,40.00310585,34.22103256,33.36821712,32.81436898,,,,,
197,75.53509819,47.0986559,34.2765713,38.01207658,44.20886801,54.96040819,40.2712169,34.2765713,33.37305958,32.81217801,,,,,
198,75.98985483,47.37349361,34.33586036,38.01746412,44.20686152,55.41516483,40.54605461,34.33586036,33.37844712,32.81017152,,,,,
199,76.44720167,47.65510647,34.39907777,38.02343159,44.20505523,55.87251167,40.82766747,34.39907777,33.38441459,32.80836523,,,,,
200,76.90701495,47.94354394,34.46639666,38.03001045,44.20346211,56.33232495,41.11610494,34.46639666,33.39099345,32.80677211,,,,,
201,77.36916599,48.2388564,34.53798659,38.03723008,44.20209363,56.79447599,41.4114174,34.53798659,33.39821308,32.80540363,,,,,
202,77.83352997,48.54108975,34.61400967,38.04511998,44.20096061,57.25883997,41.71365075,34.61400967,33.40610298,32.80427061,,,,,
203,78.29997627,48.85028554,34.69462385,38.05370728,44.20007169,57.72528627,42.02284654,34.69462385,33.41469028,32.80338169,,,,,
204,78.76837185,49.16648132,34.77998275,38.06301806,44.19943481,58.19368185,42.33904232,34.77998275,33.42400106,32.80274481,,,,,
205,79.2385895,49.48970803,34.87022834,38.0730793,44.19905746,58.6638995,42.66226903,34.87022834,33.4340623,32.80236746,,,,,
206,79.71049927,49.81998812,34.9654981,38.0839165,44.198946,59.13580927,42.99254912,34.9654981,33.4448995,32.802256,,,,,
207,80.18397016,50.15733543,35.06592494,38.09555464,44.19910616,59.60928016,43.32989643,35.06592494,33.45653764,32.80241616,,,,,
208,80.65887894,50.50175443,35.17162744,38.10802044,44.19954306,60.08418894,43.67431543,35.17162744,33.46900344,32.80285306,,,,,
209,81.13510071,50.8532363,35.28271941,38.12133928,44.20026087,60.56041071,44.0257973,35.28271941,33.48232228,32.80357087,,,,,
210,81.61251131,51.21175978,35.39930997,38.13553633,44.20126363,61.03782131,44.38432078,35.39930997,33.49651933,32.80457363,,,,,
211,82.09099644,51.57729221,35.52149256,38.15063958,44.20255553,61.51630644,44.74985321,35.52149256,33.51162258,32.80586553,,,,,
212,82.57044071,51.94978412,35.64935661,38.16667651,44.2041392,61.99575071,45.12234512,35.64935661,33.52765951,32.8074492,,,,,
213,83.05072809,52.32916878,35.78298606,38.18367392,44.20601514,62.47603809,45.50172978,35.78298606,33.54465692,32.80932514,,,,,
214,83.53175128,52.71536691,35.9224484,38.2016621,44.2081842,62.95706128,45.88792791,35.9224484,33.5626451,32.8114942,,,,,
215,84.01340258,53.10828134,36.06780853,38.22067162,44.21064737,63.43871258,46.28084234,36.06780853,33.58165462,32.81395737,,,,,
216,84.49557512,53.5077975,36.21912706,38.24073362,44.21340464,63.92088512,46.6803585,36.21912706,33.60171662,32.81671464,,,,,
217,84.97817173,53.91378836,36.37644676,38.2618844,44.21645618,64.40348173,47.08634936,36.37644676,33.6228674,32.81976618,,,,,
218,85.46109542,54.32610836,36.53980253,38.28416084,44.21980058,64.88640542,47.49866936,36.53980253,33.64514384,32.82311058,,,,,
219,85.94425759,54.74459993,36.70921454,38.30760539,44.22343651,65.36956759,47.91716093,36.70921454,33.66858839,32.82674651,,,,,
220,86.42756876,55.16908716,36.88470398,38.33226104,44.22736215,65.85287876,48.34164816,36.88470398,33.69324404,32.83067215,,,,,
221,86.91093623,55.59937595,37.06629161,38.35817169,44.23157465,66.33624623,48.77193695,37.06629161,33.71915469,32.83488465,,,,,
222,87.39427614,56.03526438,37.25398668,38.38538947,44.23607334,66.81958614,49.20782538,37.25398668,33.74637247,32.83938334,,,,,
223,87.87750572,56.47653809,37.44779678,38.41397044,44.24085861,67.30281572,49.64909909,37.44779678,33.77495344,32.84416861,,,,,
224,88.36055238,56.92297968,37.64771582,38.44398042,44.24593268,67.78586238,50.09554068,37.64771582,33.80496342,32.84924268,,,,,
225,88.84335304,57.37437011,37.85372759,38.47549536,44.25130044,68.26866304,50.54693111,37.85372759,33.83647836,32.85461044,,,,,
226,89.32584246,57.83048038,38.06581913,38.50859493,44.25696773,68.75115246,51.00304138,38.06581913,33.86957793,32.86027773,,,,,
227,89.8079624,58.29108158,38.28396919,38.54336871,44.26294228,69.2332724,51.46364258,38.28396919,33.90435171,32.86625228,,,,,
228,90.2896612,58.75594619,38.50815156,38.5799165,44.26923436,69.7149712,51.92850719,38.50815156,33.9408995,32.87254436,,,,,
229,90.7708811,59.22483864,38.73834571,38.61833984,44.27585352,70.1961911,52.39739964,38.73834571,33.97932284,32.87916352,,,,,
230,91.25156406,59.69752228,38.97452954,38.65874605,44.28280919,70.67687406,52.87008328,38.97452954,34.01972905,32.88611919,,,,,
231,91.7316426,60.17375001,39.21668952,38.70124071,44.29010976,71.1569526,53.34631101,39.21668952,34.06222371,32.89341976,,,,,
232,92.21104145,60.65326907,39.46481983,38.74593064,44.29776327,71.63635145,53.82583007,39.46481983,34.10691364,32.90107327,,,,,
233,92.68968539,61.13583211,39.71891253,38.79292983,44.30577879,72.11499539,54.30839311,39.71891253,34.15391283,32.90908879,,,,,
234,93.16749128,61.62118742,39.97896587,38.84235181,44.3141649,72.59280128,54.79374842,39.97896587,34.20333481,32.9174749,,,,,
235,93.64436704,62.1090814,40.24498183,38.89431008,44.32292886,73.06967704,55.2816424,40.24498183,34.25529308,32.92623886,,,,,
236,94.12022424,62.59927472,40.51695651,38.94892562,44.3320814,73.54553424,55.77183572,40.51695651,34.30990862,32.9353914,,,,,
237,94.59498039,63.09154659,40.79488082,39.00632829,44.34163835,74.02029039,56.26410759,40.79488082,34.36731129,32.94494835,,,,,
238,95.06855282,63.58568878,41.07874203,39.06665233,44.35161777,74.49386282,56.75824978,41.07874203,34.42763533,32.95492777,,,,,
239,95.54084769,64.08149167,41.36853163,39.13003089,44.36203638,74.96615769,57.25405267,41.36853163,34.49101389,32.96534638,,,,,
240,96.01176235,64.57874792,41.66424578,39.1965978,44.37291073,75.43707235,57.75130892,41.66424578,34.5575808,32.97622073,,,,,
241,96.48119388,65.07726305,41.96587987,39.26648709,44.38425956,75.90650388,58.24982405,41.96587987,34.62747009,32.98756956,,,,,
242,96.9490306,65.57684536,42.27342979,39.33983131,44.39610007,76.3743406,58.74940636,42.27342979,34.70081431,32.99941007,,,,,
243,97.41515439,66.07730934,42.58689205,39.41676285,44.40845021,76.84046439,59.24987034,42.58689205,34.77774585,33.01176021,,,,,
244,97.87944747,66.57848645,42.90625922,39.49741093,44.42133291,77.30475747,59.75104745,42.90625922,34.85839393,33.02464291,,,,,
245,98.34178399,67.0802137,43.23152098,39.58190357,44.43477141,77.76709399,60.2527747,43.23152098,34.94288657,33.03808141,,,,,
246,98.80203013,67.58233488,43.56266335,39.67036581,44.44878953,78.22734013,60.75489588,43.56266335,35.03134881,33.05209953,,,,,
247,99.2600528,68.08471237,43.89966716,39.76291337,44.46341671,78.6853628,61.25727337,43.89966716,35.12389637,33.06672671,,,,,
248,99.71571343,68.58721563,44.24250808,39.85966068,44.47868386,79.14102343,61.75977663,44.24250808,35.22064368,33.08199386,,,,,
249,100.1688689,69.08972314,44.59115646,39.96071977,44.49462402,79.59417895,62.26228414,44.59115646,35.32170277,33.09793402,,,,,
250,100.6193814,69.59213394,44.94557731,40.06619123,44.51127843,80.04469144,62.76469494,44.94557731,35.42717423,33.11458843,,,,,
251,101.0671124,70.09435752,45.30572921,40.17617055,44.52869211,80.49242245,63.26691852,45.30572921,35.53715355,33.13200211,,,,,
252,101.5119274,70.5963212,45.67156514,40.29073955,44.54691726,80.93723737,63.7688822,45.67156514,35.65172255,33.15022726,,,,,
253,101.9536883,71.09795869,46.04303018,40.40998041,44.56600769,81.37899835,64.27051969,46.04303018,35.77096341,33.16931769,,,,,
254,102.3922527,71.59920807,46.42005954,40.53397338,44.58601791,81.81756271,64.77176907,46.42005954,35.89495638,33.18932791,,,,,
255,102.8274821,72.1000247,46.80258234,40.66278496,44.60701029,82.25279211,65.2725857,46.80258234,36.02376796,33.21032029,,,,,
256,103.2592386,72.60037311,47.19052016,40.79647834,44.6290515,82.68454855,65.77293411,47.19052016,36.15746134,33.2323615,,,,,
257,103.6873897,73.10023301,47.5837897,40.9350983,44.65221775,83.11269965,66.27279401,47.5837897,36.2960813,33.25552775,,,,,
258,104.1118103,73.59960008,47.98230481,41.07866843,44.67659654,83.53712028,66.77216108,47.98230481,36.43965143,33.27990654,,,,,
259,104.5323838,74.09848615,48.3859784,41.22719351,44.70228767,83.9576938,67.27104715,48.3859784,36.58817651,33.30559767,,,,,
260,104.9489974,74.59691032,48.79471951,41.38066654,44.72939872,84.37430744,67.76947132,48.79471951,36.74164954,33.33270872,,,,,
261,105.3615356,75.09488887,49.20842685,41.53908608,44.75803736,84.78684561,68.26744987,49.20842685,36.90006908,33.36134736,,,,,
262,105.7698868,75.59244275,49.62699459,41.70244851,44.78831758,85.19519677,68.76500375,49.62699459,37.06343151,33.39162758,,,,,
263,106.1739376,76.08958792,50.05030721,41.87075581,44.82035509,85.59924763,69.26214892,50.05030721,37.23173881,33.42366509,,,,,
264,106.5735806,76.5863452,50.47824498,42.04400696,44.8542709,85.99889059,69.7589062,50.47824498,37.40498996,33.4575809,,,,,
265,106.9687061,77.08272939,50.91067757,42.22220816,44.89018509,86.39401611,70.25529039,50.91067757,37.58319116,33.49349509,,,,,
266,107.359207,77.57875391,51.34746988,42.40536197,44.92821936,86.78451701,70.75131491,51.34746988,37.76634497,33.53152936,,,,,
267,107.7449739,78.07442234,51.78847493,42.59348403,44.96849399,87.17028393,71.24698334,51.78847493,37.95446703,33.57180399,,,,,
268,108.1258947,78.56972725,52.23353368,42.78659968,45.01112707,87.55120472,71.74228825,52.23353368,38.14758268,33.61443707,,,,,
269,108.5018643,79.06466335,52.68248621,42.98472972,45.05623774,87.92717425,72.23722435,52.68248621,38.34571272,33.65954774,,,,,
270,108.87278,79.55922027,53.13516657,43.18790187,45.10394419,88.29809005,72.73178127,53.13516657,38.54888487,33.70725419,,,,,
271,109.2385477,80.05339001,53.59141199,43.39613613,45.15436217,88.66385774,73.22595101,53.59141199,38.75711913,33.75767217,,,,,
272,109.5990809,80.54716583,54.0510638,43.60944718,45.20760476,89.02439093,73.71972683,54.0510638,38.97043018,33.81091476,,,,,
273,109.9542937,81.04053099,54.51395787,43.82785742,45.2637824,89.3796037,74.21309199,54.51395787,39.18884042,33.8670924,,,,,
274,110.3041077,81.5334686,54.97993526,44.05138367,45.32299822,89.72941765,74.7060296,54.97993526,39.41236667,33.92630822,,,,,
275,110.6484514,82.02596085,55.44884263,44.28003972,45.38534698,90.0737614,75.19852185,55.44884263,39.64102272,33.98865698,,,,,
276,110.9872542,82.51797819,55.92052255,44.51384894,45.45091961,90.41256422,75.69053919,55.92052255,39.87483194,34.05422961,,,,,
277,111.3204511,83.00948599,56.39482077,44.75283543,45.51979642,90.74576107,76.18204699,56.39482077,40.11381843,34.12310642,,,,,
278,111.6479766,83.50043524,56.87157672,44.99703637,45.59205626,91.0732866,76.67299624,56.87157672,40.35801937,34.19536626,,,,,
279,111.9697651,83.99076275,57.35062587,45.24649923,45.66777651,91.39507507,77.16332375,57.35062587,40.60748223,34.27108651,,,,,
280,112.2857554,84.48039999,57.83180948,45.50126995,45.74702324,91.71106542,77.65296099,57.83180948,40.86225295,34.35033324,,,,,
281,112.5958852,84.96926312,58.31496384,45.76140192,45.82986101,92.0211952,78.14182412,58.31496384,41.12238492,34.43317101,,,,,
282,112.9000909,85.45725463,58.7999226,46.02695413,45.91635254,92.32540087,78.62981563,58.7999226,41.38793713,34.51966254,,,,,
283,113.1983161,85.94427505,59.28652935,46.2979831,46.00654773,92.62362611,79.11683605,59.28652935,41.6589661,34.60985773,,,,,
284,113.4905075,86.43021556,59.77462958,46.57454673,46.100491,92.91581746,79.60277656,59.77462958,41.93552973,34.703801,,,,,
285,113.7766185,86.91496632,60.26408009,46.85669993,46.19821267,93.20192851,80.08752732,60.26408009,42.21768293,34.80152267,,,,,
286,114.0566052,87.39841043,60.75474164,47.14449881,46.29974089,93.48191523,80.57097143,60.75474164,42.50548181,34.90305089,,,,,
287,114.3304331,87.88043112,61.24648942,47.43799396,46.40508904,93.75574309,81.05299212,61.24648942,42.79897696,35.00839904,,,,,
288,114.5980772,88.3609131,61.73921271,47.73723202,46.51425789,94.02338721,81.5334741,61.73921271,43.09821502,35.11756789,,,,,
289,114.8595145,88.83973034,62.23280109,48.04226065,46.6272555,94.28482454,82.01229134,62.23280109,43.40324365,35.2305655,,,,,
290,115.1147232,89.31674557,62.72714462,48.35312538,46.7440947,94.54003323,82.48930657,62.72714462,43.71410838,35.3474047,,,,,
291,115.3636878,89.79182219,63.22214571,48.66986659,46.8647795,94.7889978,82.96438319,63.22214571,44.03084959,35.4680895,,,,,
292,115.6063949,90.26481881,63.71771111,48.99252035,46.98931561,95.03170487,83.43737981,63.71771111,44.35350335,35.59262561,,,,,
293,115.8428417,90.73559635,64.21376274,49.32111591,47.11769647,95.26815166,83.90815735,64.21376274,44.68209891,35.72100647,,,,,
294,116.0730337,91.2040188,64.71023686,49.65567622,47.24990634,95.49834366,84.3765798,64.71023686,45.01665922,35.85321634,,,,,
295,116.2969775,91.66994554,65.20707175,49.99621794,47.38593637,95.7222875,84.84250654,65.20707175,45.35720094,35.98924637,,,,,
296,116.5146891,92.13323811,65.70421865,50.34275056,47.5257693,95.93999915,85.30579911,65.70421865,45.70373356,36.1290793,,,,,
297,116.7261921,92.59376046,66.20163963,50.69527562,47.66938139,96.15150213,85.76632146,66.20163963,46.05625862,36.27269139,,,,,
298,116.9315117,93.05136924,66.69929368,51.0537835,47.81675646,96.35682167,86.22393024,66.69929368,46.4147665,36.42006646,,,,,
299,117.1306828,93.50592319,67.19714922,51.41825582,47.96787159,96.55599283,86.67848419,67.19714922,46.77923882,36.57118159,,,,,
300,117.3237481,93.95728421,67.69518217,51.78866587,48.12269941,96.74905812,87.12984521,67.69518217,47.14964887,36.72600941,,,,,
301,117.5107525,94.4053071,68.19336176,52.16497433,48.28122137,96.93606249,87.5778681,68.19336176,47.52595733,36.88453137,,,,,
302,117.6917515,94.84984868,68.69166274,52.5471332,48.44341375,97.1170615,88.02240968,68.69166274,47.9081162,37.04672375,,,,,
303,117.8668092,95.29076878,69.19006403,52.9350853,48.60924996,97.29211922,88.46332978,69.19006403,48.2960683,37.21255996,,,,,
304,118.035993,95.72792055,69.68853585,53.32875618,48.77871325,97.46130298,88.90048155,69.68853585,48.68973918,37.38202325,,,,,
305,118.1993784,96.16115626,70.18704814,53.72805846,48.95178828,97.62468837,89.33371726,70.18704814,49.08904146,37.55509828,,,,,
306,118.3570401,96.59032174,70.68555855,54.13288509,49.12847261,97.78235015,89.76288274,70.68555855,49.49386809,37.73178261,,,,,
307,118.5090545,97.01525652,71.18401235,54.54310988,49.30877342,97.93436449,90.18781752,71.18401235,49.90409288,37.91208342,,,,,
308,118.6555068,97.4358034,71.68235466,54.95859449,49.49269428,98.08081682,90.6083644,71.68235466,50.31957749,38.09600428,,,,,
309,118.7964837,97.85180198,72.18051986,55.37918044,49.68024774,98.22179372,91.02436298,72.18051986,50.74016344,38.28355774,,,,,
310,118.9320771,98.2630895,72.67843358,55.80469109,49.87145427,98.35738708,91.4356505,72.67843358,51.16567409,38.47476427,,,,,
311,119.0623891,98.66950936,73.17602392,56.23494054,50.06633079,98.48769914,91.84207036,73.17602392,51.59592354,38.66964079,,,,,
312,119.1875267,99.07090422,73.67321031,56.66972617,50.26489389,98.61283672,92.24346522,73.67321031,52.03070917,38.86820389,,,,,
313,119.3076076,99.46712236,74.1699108,57.10883649,50.46715346,98.73291757,92.63968336,74.1699108,52.46981949,39.07046346,,,,,
314,119.4227517,99.85801087,74.66603266,57.55204209,50.67312315,98.84806165,93.03057187,74.66603266,52.91302509,39.27643315,,,,,
315,119.5330781,100.2434124,75.16146825,57.99909375,50.88281973,98.95838812,93.41597339,75.16146825,53.36007675,39.48612973,,,,,
316,119.6387105,100.6231706,75.65610077,58.44973043,51.09626013,99.06402049,93.7957316,75.65610077,53.81071343,39.69957013,,,,,
317,119.7397817,100.9971386,76.14981553,58.90369094,51.31345204,99.16509173,94.16969965,76.14981553,54.26467394,39.91676204,,,,,
318,119.8364255,101.3651698,76.64248793,59.36070318,51.53440183,99.26173554,94.53773082,76.64248793,54.72168618,40.13771183,,,,,
319,119.9287784,101.7271228,77.13399139,59.82048841,51.75911517,99.35408839,94.89968382,77.13399139,55.18147141,40.36242517,,,,,
320,120.0169819,102.0828721,77.62421758,60.28277318,51.98758417,99.44229194,95.25543315,77.62421758,55.64375618,40.59089417,,,,,
321,120.101176,102.4322936,78.11305181,60.74728414,52.21979479,99.52648604,95.60485462,78.11305181,56.10826714,40.82310479,,,,,
322,120.1815064,102.7752704,78.60037741,61.21375973,52.4557269,99.60681642,95.94783144,78.60037741,56.57474273,41.0590369,,,,,
323,120.258117,103.1116861,79.08606629,61.6819391,52.69536068,99.68342697,96.28424709,79.08606629,57.0429221,41.29867068,,,,,
324,120.3311458,103.4414231,79.56997867,62.15156217,52.93867321,99.75645579,96.61398412,79.56997867,57.51254517,41.54198321,,,,,
325,120.4007346,103.7643728,80.05197462,62.62238422,53.18563517,99.82604456,96.93693376,80.05197462,57.98336722,41.78894517,,,,,
326,120.4670204,104.0804296,80.53190646,63.09416802,53.43621394,99.89233043,97.25299065,80.53190646,58.45515102,42.03952394,,,,,
327,120.53014,104.3894975,81.00962978,63.56669629,53.69036859,99.95545003,97.56205854,81.00962978,58.92767929,42.29367859,,,,,
328,120.5902336,104.691491,81.48500452,64.0397729,53.94805281,100.0155436,97.864052,81.48500452,59.4007559,42.55136281,,,,,
329,120.6474309,104.9863275,81.9578835,64.51320946,54.20921841,100.0727409,98.1588885,81.9578835,59.87419246,42.81252841,,,,,
330,120.7018596,105.2739361,82.42812218,64.98683915,54.47381209,100.1271696,98.44649711,82.42812218,60.34782215,43.07712209,,,,,
331,120.7536515,105.554257,82.89557908,65.46051586,54.74177867,100.1789615,98.726818,82.89557908,60.82149886,43.34508867,,,,,
332,120.8029286,105.8272335,83.36010606,65.93410014,55.01306385,100.2282386,98.99979451,83.36010606,61.29508314,43.61637385,,,,,
333,120.8498139,106.0928174,83.82155711,66.40746834,55.28761208,100.2751239,99.26537843,83.82155711,61.76845134,43.89092208,,,,,
334,120.8944132,106.3509612,84.27977819,66.8804972,55.56536513,100.3197232,99.52352223,84.27977819,62.2414802,44.16867513,,,,,
335,120.936816,106.6016203,84.73460878,67.35306617,55.84626352,100.362126,99.77418128,84.73460878,62.71404917,44.44957352,,,,,
336,120.9771149,106.8447608,85.18589335,67.82507228,56.13024615,100.4024249,100.0173218,85.18589335,63.18605528,44.73355615,,,,,
337,121.0153862,107.0803527,85.63347072,68.29641376,56.41724648,100.4406962,100.2529137,85.63347072,63.65739676,45.02055648,,,,,
338,121.05169,107.308371,86.07717557,68.76699142,56.70719465,100.477,100.480932,86.07717557,64.12797442,45.31050465,,,,,
339,121.0860898,107.528804,86.51684911,69.23672353,57.00001984,100.5113998,100.701365,86.51684911,64.59770653,45.60332984,,,,,
340,121.1186387,107.7416471,86.95233061,69.7055305,57.29564791,100.5439487,100.9142081,86.95233061,65.0665135,45.89895791,,,,,
341,121.1493951,107.9469049,87.38346236,70.1733395,57.59400332,100.5747051,101.1194659,87.38346236,65.5343225,46.19731332,,,,,
342,121.1784315,108.1445962,87.8100988,70.64009696,57.8950111,100.6037415,101.3171572,87.8100988,66.00107996,46.4983211,,,,,
343,121.2058115,108.3347471,88.23209542,71.10575107,58.19859301,100.6311215,101.5073081,88.23209542,66.46673407,46.80190301,,,,,
344,121.2315935,108.5173948,88.64930995,71.5702547,58.50466959,100.6569035,101.6899558,88.64930995,66.9312377,47.10797959,,,,,
345,121.2558453,108.6925918,89.06161242,72.0335777,58.81316294,100.6811553,101.8651528,89.06161242,67.3945607,47.41647294,,,,,
346,121.2786271,108.860401,89.46887676,72.49569245,59.1239919,100.7039371,102.032962,89.46887676,67.85667545,47.7273019,,,,,
347,121.2999937,109.0209003,89.87098594,72.95658052,59.43707687,100.7253037,102.1934613,89.87098594,68.31756352,48.04038687,,,,,
348,121.3199852,109.1741781,90.26782372,73.41621923,59.75233606,100.7452952,102.3467391,90.26782372,68.77720223,48.35564606,,,,,
349,121.3386325,109.3203369,90.65927612,73.87458392,60.06968445,100.7639425,102.4928979,90.65927612,69.23556692,48.67299445,,,,,
350,121.3559744,109.4594968,91.0452406,74.33166164,60.38904126,100.7812844,102.6320578,91.0452406,69.69264464,48.99235126,,,,,
351,121.372042,109.5917924,91.42561901,74.78743848,60.71032516,100.797352,102.7643534,91.42561901,70.14842148,49.31363516,,,,,
352,121.3868667,109.7173808,91.80032647,75.24191271,61.03346142,100.8121767,102.8899418,91.80032647,70.60289571,49.63677142,,,,,
353,121.400489,109.8364374,92.16929136,75.69509311,61.3583834,100.825799,103.0089984,92.16929136,71.05607611,49.9616934,,,,,
354,121.4129441,109.9491492,92.53244571,76.14698251,61.68502501,100.8382541,103.1217102,92.53244571,71.50796551,50.28833501,,,,,
355,121.4242766,110.0557172,92.88973221,76.59758806,62.01332642,100.8495866,103.2282782,92.88973221,71.95857106,50.61663642,,,,,
356,121.4345336,110.1563477,93.24109488,77.04690796,62.34322558,100.8598436,103.3289087,93.24109488,72.40789096,50.94653558,,,,,
357,121.4437575,110.2512533,93.58647832,77.49493125,62.67465874,100.8690675,103.4238143,93.58647832,72.85591425,51.27796874,,,,,
358,121.4519981,110.3406583,93.92583668,77.94165107,63.00756931,100.8773081,103.5132193,93.92583668,73.30263407,51.61087931,,,,,
359,121.4592961,110.4247916,94.25912427,78.38704951,63.34189704,100.8846061,103.5973526,94.25912427,73.74803251,51.94520704,,,,,
360,121.4656846,110.503884,94.58629566,78.83109895,63.67757918,100.8909946,103.676445,94.58629566,74.19208195,52.28088918,,,,,
361,121.4712042,110.5781733,94.90731421,79.27377564,64.01456149,100.8965142,103.7507343,94.90731421,74.63475864,52.61787149,,,,,
362,121.4758862,110.6478941,95.22214287,79.71504537,64.35278657,100.9011962,103.8204551,95.22214287,75.07602837,52.95609657,,,,,
363,121.4797547,110.7132768,95.53074386,80.1548608,64.69219288,100.9050647,103.8858378,95.53074386,75.5158438,53.29550288,,,,,
364,121.4828332,110.7745466,95.83307915,80.59316431,65.03271525,100.9081432,103.9471076,95.83307915,75.95414731,53.63602525,,,,,
365,121.4851372,110.8319203,96.12911165,81.0298909,65.37428664,100.9104472,104.0044813,96.12911165,76.3908739,53.97759664,,,,,
366,121.4866842,110.885613,96.41881333,81.46497885,65.71684954,100.9119942,104.058174,96.41881333,76.82596185,54.32015954,,,,,
367,121.4874964,110.9358375,96.70215852,81.89836492,66.06034982,100.9128064,104.1083985,96.70215852,77.25934792,54.66365982,,,,,
368,121.4876077,110.9828103,96.97912995,82.32999537,66.40474688,100.9129177,104.1553713,96.97912995,77.69097837,55.00805688,,,,,
369,121.4870569,111.0267441,97.24971754,82.75982318,66.75001105,100.9123669,104.1993051,97.24971754,78.12080618,55.35332105,,,,,
370,121.4858849,111.0678453,97.51391061,83.18779798,67.0961137,100.9111949,104.2404063,97.51391061,78.54878098,55.6994237,,,,,
371,121.4841318,111.1063108,97.77170434,83.61386998,67.44303385,100.9094418,104.2788718,97.77170434,78.97485298,56.04634385,,,,,
372,121.4818293,111.1423192,98.0230909,84.03797935,67.79074442,100.9071393,104.3148802,98.0230909,79.39896235,56.39405442,,,,,
373,121.4790096,111.1760417,98.26806069,84.46005903,68.13921483,100.9043196,104.3486027,98.26806069,79.82104203,56.74252483,,,,,
374,121.4757064,111.2076393,98.50661246,84.88004775,68.48842443,100.9010164,104.3802003,98.50661246,80.24103075,57.09173443,,,,,
375,121.4719562,111.2372649,98.73875384,85.29788847,68.83836207,100.8972662,104.4098259,98.73875384,80.65887147,57.44167207,,,,,
376,121.4677964,111.2650655,98.96449154,85.71352022,69.18901372,100.8931064,104.4376265,98.96449154,81.07450322,57.79232372,,,,,
377,121.4632668,111.2911812,99.1838388,86.12688311,69.54037033,100.8885768,104.4637422,99.1838388,81.48786611,58.14368033,,,,,
378,121.4584094,111.315749,99.3968094,86.53791194,69.8924202,100.8837194,104.48831,99.3968094,81.89889494,58.4957302,,,,,
379,121.4532666,111.3388958,99.60342513,86.94654418,70.24515707,100.8785766,104.5114568,99.60342513,82.30752718,58.84846707,,,,,
380,121.4478796,111.360738,99.80371738,87.35271786,70.59857919,100.8731896,104.533299,99.80371738,82.71370086,59.20188919,,,,,
381,121.4422879,111.3813879,99.9977135,87.75636298,70.95267288,100.8675979,104.5539489,99.9977135,83.11734598,59.55598288,,,,,
382,121.4365271,111.4009523,100.1854351,88.1574001,71.30740955,100.8618371,104.5735133,100.1854351,83.5183831,59.91071955,,,,,
383,121.4306263,111.4195223,100.3669071,88.55574259,71.66275165,100.8559363,104.5920833,100.3669071,83.91672559,60.26606165,,,,,
384,121.4246133,111.4371792,100.5421627,88.95130641,72.01866348,100.8499233,104.6097402,100.5421627,84.31228941,60.62197348,,,,,
385,121.4185134,111.4539978,100.7112345,89.34400297,72.37509875,100.8438234,104.6265588,100.7112345,84.70498597,60.97840875,,,,,
386,121.4123411,111.4700365,100.8741588,89.73373536,72.73199646,100.8376511,104.6425975,100.8741588,85.09471836,61.33530646,,,,,
387,121.4060983,111.4853339,101.0309763,90.12039918,73.08928117,100.8314083,104.6578949,101.0309763,85.48138218,61.69259117,,,,,
388,121.3997759,111.4999109,101.1817381,90.50388584,73.44686837,100.8250859,104.6724719,101.1817381,85.86486884,62.05017837,,,,,
389,121.3933632,111.5137806,101.326513,90.88409153,73.80467868,100.8186732,104.6863416,101.326513,86.24507453,62.40798868,,,,,
390,121.3868484,111.5269522,101.4653774,91.26091264,74.1626293,100.8121584,104.6995132,101.4653774,86.62189564,62.7659393,,,,,
391,121.3802221,111.5394351,101.5984261,91.63425271,74.52064612,100.8055321,104.7119961,101.5984261,86.99523571,63.12395612,,,,,
392,121.3734844,111.551246,101.7257678,92.00402209,74.87866363,100.7987944,104.723807,101.7257678,87.36500509,63.48197363,,,,,
393,121.366636,111.5624013,101.8475161,92.37013004,75.23661109,100.791946,104.7349623,101.8475161,87.73111304,63.83992109,,,,,
394,121.3596795,111.5729174,101.9637989,92.7324911,75.59442399,100.7849895,104.7454784,101.9637989,88.0934741,64.19773399,,,,,
395,121.3526243,111.5828165,102.0747539,93.09102541,75.95204403,100.7779343,104.7553775,102.0747539,88.45200841,64.55535403,,,,,
396,121.3454813,111.5921216,102.1805224,93.445651,76.30940552,100.7707913,104.7646826,102.1805224,88.806634,64.91271552,,,,,
397,121.3382587,111.6008531,102.2812526,93.79628748,76.66644328,100.7635687,104.7734141,102.2812526,89.15727048,65.26975328,,,,,
398,121.3309578,111.6090234,102.3770915,94.14284856,77.02307967,100.7562678,104.7815844,102.3770915,89.50383156,65.62638967,,,,,
399,121.3235691,111.6166321,102.4681892,94.48524303,77.37922479,100.7488791,104.7891931,102.4681892,89.84622603,65.98253479,,,,,
400,121.3160795,111.6236754,102.5547029,94.82338274,77.73479064,100.7413895,104.7962364,102.5547029,90.18436574,66.33810064,,,,,
401,121.308473,111.6301447,102.6367872,95.15717485,78.08968002,100.733783,104.8027057,102.6367872,90.51815785,66.69299002,,,,,
402,121.3007331,111.6360297,102.7145951,95.48652314,78.44378907,100.7260431,104.8085907,102.7145951,90.84750614,67.04709907,,,,,
403,121.292841,111.6413169,102.7882801,95.81133331,78.79701825,100.718151,104.8138779,102.7882801,91.17231631,67.40032825,,,,,
404,121.2847773,111.6459901,102.8579921,96.13150839,79.14926484,100.7100873,104.8185511,102.8579921,91.49249139,67.75257484,,,,,
405,121.2765292,111.6500385,102.9238828,96.44695399,79.50043262,100.7018392,104.8225995,102.9238828,91.80793699,68.10374262,,,,,
406,121.2680775,111.6534447,102.9860959,96.75757221,79.85042182,100.6933875,104.8260057,102.9860959,92.11855521,68.45373182,,,,,
407,121.2594106,111.6561971,103.0447766,97.06326815,80.19914444,100.6847206,104.8287581,103.0447766,92.42425115,68.80245444,,,,,
408,121.2505258,111.658292,103.1000724,97.36394989,80.54652224,100.6758358,104.830853,103.1000724,92.72493289,69.14983224,,,,,
409,121.2414144,111.6597184,103.1521192,97.65952057,80.89247191,100.6667244,104.8322794,103.1521192,93.02050357,69.49578191,,,,,
410,121.2320753,111.6604715,103.2010547,97.94988452,81.23692028,100.6573853,104.8330325,103.2010547,93.31086752,69.84023028,,,,,
411,121.2225165,111.6605544,103.2470192,98.23494715,81.57980264,100.6478265,104.8331154,103.2470192,93.59593015,70.18311264,,,,,
412,121.2127402,111.6599644,103.2901395,98.51460728,81.92104726,100.6380502,104.8325254,103.2901395,93.87559028,70.52435726,,,,,
413,121.2027527,111.6587028,103.3305449,98.78876497,82.26058723,100.6280627,104.8312638,103.3305449,94.14974797,70.86389723,,,,,
414,121.1925572,111.6567699,103.3683689,99.05733088,82.5983509,100.6178672,104.8293309,103.3683689,94.41831388,71.2016609,,,,,
415,121.1821493,111.6541601,103.4037342,99.32021589,82.93426125,100.6074593,104.8267211,103.4037342,94.68119889,71.53757125,,,,,
416,121.1715338,111.6508768,103.4367705,99.57733387,83.26824993,100.5968438,104.8234378,103.4367705,94.93831687,71.87155993,,,,,
417,121.1607179,111.6469254,103.4676086,99.8285947,83.60024422,100.5860279,104.8194864,103.4676086,95.1895777,72.20355422,,,,,
418,121.1497042,111.6423075,103.4963686,100.0739049,83.93016749,100.5750142,104.8148685,103.4963686,95.4348879,72.53347749,,,,,
419,121.1385043,111.6370336,103.5231761,100.3131747,84.25795316,100.5638143,104.8095946,103.5231761,95.67415774,72.86126316,,,,,
420,121.1271226,111.6311082,103.548141,100.546315,84.58352964,100.5524326,104.8036692,103.548141,95.90729804,73.18683964,,,,,
421,121.1155555,111.6245288,103.5713567,100.7732365,84.90681992,100.5408655,104.7970898,103.5713567,96.13421947,73.51012992,,,,,
422,121.1037987,111.6172929,103.5929139,100.9938488,85.22774371,100.5291087,104.7898539,103.5929139,96.35483181,73.83105371,,,,,
423,121.0918414,111.6093916,103.6128891,101.208065,85.54622049,100.5171514,104.7819526,103.6128891,96.56904803,74.14953049,,,,,
424,121.0796768,111.600821,103.6313543,101.4158093,85.86218242,100.5049868,104.773382,103.6313543,96.7767923,74.46549242,,,,,
425,121.0673046,111.5915835,103.6483861,101.6170123,86.17556667,100.4926146,104.7641445,103.6483861,96.97799526,74.77887667,,,,,
426,121.0547283,111.5816868,103.6640582,101.8116197,86.48632519,100.4800383,104.7542478,103.6640582,97.17260268,75.08963519,,,,,
427,121.0419535,111.5711424,103.6784415,101.9995902,86.79442256,100.4672635,104.7437034,103.6784415,97.36057315,75.39773256,,,,,
428,121.0289864,111.5599631,103.6916067,102.1808883,87.0998203,100.4542964,104.7325241,103.6916067,97.54187131,75.7031303,,,,,
429,121.0158279,111.5481561,103.7036129,102.355491,87.40247765,100.4411379,104.7207171,103.7036129,97.71647396,76.00578765,,,,,
430,121.0024801,111.5357302,103.7145153,102.5233924,87.70236335,100.4277901,104.7082912,103.7145153,97.88437545,76.30567335,,,,,
431,120.9889468,111.5226956,103.7243689,102.684597,87.99944389,100.4142568,104.6952566,103.7243689,98.04558003,76.60275389,,,,,
432,120.975225,111.5090553,103.733216,102.8391222,88.29368415,100.400535,104.6816163,103.733216,98.20010517,76.89699415,,,,,
433,120.9613136,111.4948143,103.7410964,102.9870054,88.58505835,100.3866236,104.6673753,103.7410964,98.34798839,77.18836835,,,,,
434,120.947212,111.4799784,103.7480495,103.1282966,88.8735383,100.372522,104.6525394,103.7480495,98.48927964,77.4768483,,,,,
435,120.9329122,111.464547,103.7541041,103.2630613,89.15909403,100.3582222,104.637108,103.7541041,98.62404427,77.76240403,,,,,
436,120.9184064,111.4485215,103.7592867,103.3913856,89.44170476,100.3437164,104.6210825,103.7592867,98.75236857,78.04501476,,,,,
437,120.9036848,111.431902,103.7636209,103.5133672,89.72134651,100.3289948,104.604463,103.7636209,98.87435019,78.32465651,,,,,
438,120.8887322,111.4146827,103.7671215,103.629119,89.99799364,100.3140422,104.5872437,103.7671215,98.99010197,78.60130364,,,,,
439,120.8735408,111.3968663,103.7698092,103.7387724,90.27162949,100.2988508,104.5694273,103.7698092,99.0997554,78.87493949,,,,,
440,120.858094,111.3784462,103.771693,103.8424719,90.54223446,100.283404,104.5510072,103.771693,99.20345487,79.14554446,,,,,
441,120.8423645,111.3594054,103.7727686,103.9403728,90.80978387,100.2676745,104.5319664,103.7727686,99.30135578,79.41309387,,,,,
442,120.8263238,111.339725,103.7730282,104.0326397,91.07424882,100.2516338,104.512286,103.7730282,99.39362274,79.67755882,,,,,
443,120.8099382,111.3193811,103.772458,104.1194466,91.33560082,100.2352482,104.4919421,103.772458,99.48042961,79.93891082,,,,,
444,120.7931854,111.298362,103.7710548,104.2009818,91.59382179,100.2184954,104.470923,103.7710548,99.5619648,80.19713179,,,,,
445,120.7760499,111.2766634,103.7688217,104.2774426,91.8488954,100.2013599,104.4492244,103.7688217,99.63842556,80.4522054,,,,,
446,120.7585215,111.2542867,103.7657664,104.3490358,92.10081691,100.1838315,104.4268477,103.7657664,99.71001875,80.70412691,,,,,
447,120.7406037,111.2312475,103.7619098,104.4159802,92.34959085,100.1659137,104.4038085,103.7619098,99.7769632,80.95290085,,,,,
448,120.7223072,111.2075697,103.7572794,104.4784996,92.59521906,100.1476172,104.3801307,103.7572794,99.83948262,81.19852906,,,,,
449,120.7036487,111.1832825,103.7519079,104.536821,92.83771009,100.1289587,104.3558435,103.7519079,99.89780399,81.44102009,,,,,
450,120.6846557,111.1584262,103.7458377,104.5911776,93.07707819,100.1099657,104.3309872,103.7458377,99.9521606,81.68038819,,,,,
451,120.6653511,111.133036,103.7391049,104.6417972,93.31333691,100.0906611,104.305597,103.7391049,100.0027802,81.91664691,,,,,
452,120.6457588,111.107148,103.7317464,104.6889037,93.54650759,100.0710688,104.279709,103.7317464,100.0498867,82.14981759,,,,,
453,120.6259119,111.0808082,103.723807,104.7327238,93.77661667,100.0512219,104.2533692,103.723807,100.0937068,82.37992667,,,,,
454,120.605837,111.0540559,103.7153254,104.7734723,94.00368875,100.031147,104.2266169,103.7153254,100.1344553,82.60699875,,,,,
455,120.5855578,111.0269273,103.7063375,104.8113523,94.2277529,100.0108678,104.1994883,103.7063375,100.1723353,82.8310629,,,,,
456,120.5650985,110.9994589,103.696879,104.8465644,94.44883052,99.99040849,104.1720199,103.696879,100.2075474,83.05214052,,,,,
457,120.5444871,110.9716909,103.6869882,104.879311,94.66693459,99.96979715,104.1442519,103.6869882,100.240294,83.27024459,,,,,
458,120.5237615,110.9436734,103.6767126,104.9098005,94.88207978,99.94907148,104.1162344,103.6767126,100.2707835,83.48538978,,,,,
459,120.5029521,110.9154482,103.6660923,104.9382236,95.09427645,99.92826213,104.0880092,103.6660923,100.2992066,83.69758645,,,,,
460,120.4820828,110.8870497,103.655161,104.9647536,95.30353262,99.90739284,104.0596107,103.655161,100.3257366,83.90684262,,,,,
461,120.4611849,110.8585189,103.6439589,104.9895648,95.50986106,99.88649488,104.0310799,103.6439589,100.3505478,84.11317106,,,,,
462,120.4402815,110.8298884,103.6325184,105.0128122,95.71327654,99.86559155,104.0024494,103.6325184,100.3737952,84.31658654,,,,,
463,120.419393,110.8011874,103.6208698,105.0346356,95.91380132,99.84470297,103.9737484,103.6208698,100.3956186,84.51711132,,,,,
464,120.3985384,110.7724445,103.6090426,105.0551697,96.11145471,99.82384842,103.9450055,103.6090426,100.4161527,84.71476471,,,,,
465,120.3777281,110.7436781,103.597057,105.0745284,96.30625684,99.80303808,103.9162391,103.597057,100.4355114,84.90956684,,,,,
466,120.3569724,110.7149058,103.5849336,105.0928139,96.49823706,99.78228242,103.8874668,103.5849336,100.4537969,85.10154706,,,,,
467,120.3362849,110.6861481,103.5726954,105.1101264,96.68742606,99.76159491,103.8587091,103.5726954,100.4711094,85.29073606,,,,,
468,120.315679,110.6574235,103.560365,105.1265551,96.87386454,99.74098896,103.8299845,103.560365,100.4875381,85.47717454,,,,,
469,120.2951689,110.6287508,103.5479671,105.1421801,97.05760301,99.72047888,103.8013118,103.5479671,100.5031631,85.66091301,,,,,
470,120.2747698,110.6001499,103.5355272,105.157079,97.23869164,99.70007979,103.7727109,103.5355272,100.518062,85.84200164,,,,,
471,120.2544949,110.5716379,103.5230691,105.1713196,97.41718511,99.67980495,103.7441989,103.5230691,100.5323026,86.02049511,,,,,
472,120.2343555,110.5432289,103.5106132,105.1849643,97.59313496,99.65966551,103.7157899,103.5106132,100.5459473,86.19644496,,,,,
473,120.2143543,110.5149281,103.4981725,105.1980605,97.76659085,99.63966431,103.6874891,103.4981725,100.5590435,86.36990085,,,,,
474,120.1944913,110.486738,103.4857576,105.2106456,97.93760833,99.61980126,103.659299,103.4857576,100.5716286,86.54091833,,,,,
475,120.1747634,110.4586585,103.4733763,105.2227513,98.10624027,99.60007336,103.6312195,103.4733763,100.5837343,86.70955027,,,,,
476,120.1551596,110.430681,103.4610289,105.2343969,98.27253599,99.58046959,103.603242,103.4610289,100.5953799,86.87584599,,,,,
477,120.1356756,110.4028034,103.4487225,105.2456054,98.43655061,99.5609856,103.5753644,103.4487225,100.6065884,87.03986061,,,,,
478,120.11631,110.3750262,103.4364665,105.2563999,98.59833884,99.54162005,103.5475872,103.4364665,100.6173829,87.20164884,,,,,
479,120.0970698,110.3473583,103.4242784,105.2668084,98.75796064,99.52237975,103.5199193,103.4242784,100.6277914,87.36127064,,,,,
480,120.0779622,110.3198087,103.4121763,105.2768576,98.91547222,99.50327217,103.4923697,103.4121763,100.6378406,87.51878222,,,,,
481,120.0589874,110.2923787,103.400171,105.2865659,99.07092237,99.48429744,103.4649397,103.400171,100.6475489,87.67423237,,,,,
482,120.0401527,110.2650756,103.3882797,105.2959565,99.22436406,99.46546268,103.4376366,103.3882797,100.6569395,87.82767406,,,,,
483,120.0214609,110.2379014,103.3765149,105.3050485,99.37584256,99.44677091,103.4104624,103.3765149,100.6660315,87.97915256,,,,,
484,120.0029134,110.2108563,103.3648864,105.3138565,99.52539928,99.42822343,103.3834173,103.3648864,100.6748395,88.12870928,,,,,
485,119.9845108,110.1839399,103.3534033,105.3223938,99.67307445,99.40982084,103.3565009,103.3534033,100.6833768,88.27638445,,,,,
486,119.9662552,110.1571536,103.3420756,105.3306723,99.81890828,99.39156519,103.3297146,103.3420756,100.6916553,88.42221828,,,,,
487,119.9481481,110.1304979,103.3309127,105.3387032,99.96293844,99.37345811,103.3030589,103.3309127,100.6996862,88.56624844,,,,,
488,119.9301904,110.103972,103.3199231,105.3464972,100.1051987,99.3555004,103.276533,103.3199231,100.7074802,88.70850869,,,,,
489,119.9123815,110.0775732,103.3091135,105.3540616,100.2457195,99.33769149,103.2501342,103.3091135,100.7150446,88.84902953,,,,,
490,119.8947208,110.0512985,103.29849,105.3614041,100.3845286,99.32003078,103.2238595,103.29849,100.7223871,88.98783859,,,,,
491,119.8772171,110.0251535,103.2880667,105.3685389,100.521662,99.30252711,103.1977145,103.2880667,100.7295219,89.12497199,,,,,
492,119.8598832,109.9991478,103.2778609,105.3754813,100.6571587,99.28519321,103.1717088,103.2778609,100.7364643,89.26046874,,,,,
493,119.8427318,109.9732905,103.2678889,105.3822474,100.7910548,99.26804182,103.1458515,103.2678889,100.7432304,89.3943648,,,,,
494,119.8257743,109.9475891,103.2581644,105.3888489,100.9233862,99.25108431,103.1201501,103.2581644,100.7498319,89.52669615,,,,,
495,119.8090248,109.9220538,103.2487024,105.3952973,101.0541923,99.23433485,103.0946148,103.2487024,100.7562803,89.65750227,,,,,
496,119.7925003,109.8966967,103.2395197,105.4016068,101.1835129,99.21781028,103.0692577,103.2395197,100.7625898,89.78682286,,,,,
497,119.7762175,109.87153,103.2306321,105.4077894,101.3113881,99.2015275,103.044091,103.2306321,100.7687724,89.9146981,,,,,
498,119.7601855,109.8465584,103.2220469,105.4138502,101.437847,99.18549548,103.0191194,103.2220469,100.7748332,90.04115703,,,,,
499,119.7444111,109.8217843,103.2137685,105.4197934,101.562914,99.16972109,102.9943453,103.2137685,100.7807764,90.166224,,,,,
500,119.7288998,109.7972089,103.205799,105.4256204,101.6866121,99.15420976,102.9697699,103.205799,100.7866034,90.28992214,,,,,
501,119.7136475,109.7728239,103.1981296,105.431324,101.8089524,99.1389575,102.9453849,103.1981296,100.792307,90.41226238,,,,,
502,119.698647,109.7486174,103.1907483,105.4368958,101.9299419,99.12395698,102.9211784,103.1907483,100.7978788,90.53325187,,,,,
503,119.6838909,109.7245777,103.1836426,105.4423273,102.0495883,99.10920087,102.8971387,103.1836426,100.8033103,90.65289834,,,,,
504,119.6693694,109.7006909,103.1767973,105.4476083,102.1678959,99.09467935,102.8732519,103.1767973,100.8085913,90.7712059,,,,,
505,119.6550709,109.6769415,103.1701953,105.4527268,102.2848669,99.08038086,102.8495025,103.1701953,100.8137098,90.88817691,,,,,
506,119.6409852,109.6533155,103.1638207,105.457674,102.4005041,99.06629523,102.8258765,103.1638207,100.818657,91.00381406,,,,,
507,119.6271089,109.6298065,103.1576647,105.4624471,102.5148178,99.05241889,102.8023675,103.1576647,100.8234301,91.11812776,,,,,
508,119.6134411,109.6064118,103.1517208,105.4670452,102.6278212,99.0387511,102.7789728,103.1517208,100.8280282,91.23113121,,,,,
509,119.5999804,109.5831276,103.1459816,105.4714683,102.7395248,99.02529041,102.7556886,103.1459816,100.8324513,91.34283482,,,,,
510,119.5867212,109.5599465,103.1404359,105.4757146,102.8499335,99.01203122,102.7325075,103.1404359,100.8366976,91.45324345,,,,,
511,119.5736563,109.5368599,103.1350714,105.4797807,102.9590487,98.99896635,102.7094209,103.1350714,100.8407637,91.56235871,,,,,
512,119.5607761,109.5138574,103.1298735,105.4836624,103.0668677,98.98608609,102.6864184,103.1298735,100.8446454,91.67017775,,,,,
513,119.5480672,109.4909254,103.124824,105.4873514,103.1733838,98.97337723,102.6634864,103.124824,100.8483344,91.77669382,,,,,
514,119.5355166,109.4680506,103.1199044,105.4908389,103.2785886,98.96082665,102.6406116,103.1199044,100.8518219,91.88189855,,,,,
515,119.523109,109.4452172,103.1150945,105.4941154,103.3824711,98.94841901,102.6177782,103.1150945,100.8550984,91.98578108,,,,,
516,119.5108276,109.4224087,103.1103727,105.4971701,103.4850187,98.93613756,102.5949697,103.1103727,100.8581531,92.08832873,,,,,
517,119.4986548,109.3996088,103.1057173,105.4999916,103.5862177,98.92396479,102.5721698,103.1057173,100.8609746,92.18952767,,,,,
518,119.4865715,109.3768,103.1011051,105.5025683,103.6860528,98.91188151,102.549361,103.1011051,100.8635513,92.28936275,,,,,
519,119.4745593,109.3539668,103.0965145,105.5048891,103.7845088,98.89986933,102.5265278,103.0965145,100.8658721,92.38781882,,,,,
520,119.4626012,109.3310959,103.0919253,105.5069444,103.881572,98.88791118,102.5036569,103.0919253,100.8679274,92.48488198,,,,,
521,119.4506807,109.3081752,103.0873187,105.508726,103.9772299,98.8759907,102.4807362,103.0873187,100.869709,92.58053987,,,,,
522,119.4387859,109.2851973,103.0826801,105.5102294,104.0714748,98.86409595,102.4577583,103.0826801,100.8712124,92.6747848,,,,,
523,119.426914,109.2621643,103.0780041,105.5114588,104.1643094,98.85222402,102.4347253,103.0780041,100.8724418,92.76761941,,,,,
524,119.4150596,109.2390753,103.0732827,105.5124164,104.2557357,98.84036963,102.4116363,103.0732827,100.8733994,92.85904573,,,,,
525,119.403219,109.2159315,103.0685097,105.5131056,104.3457592,98.82852897,102.3884925,103.0685097,100.8740886,92.94906923,,,,,
526,119.391388,109.1927339,103.0636793,105.5135307,104.4343856,98.81669798,102.3652949,103.0636793,100.8745137,93.03769557,,,,,
527,119.3795605,109.1694818,103.0587835,105.513694,104.5216179,98.80487047,102.3420428,103.0587835,100.874677,93.1249279,,,,,
528,119.3677413,109.1461855,103.0538262,105.5136092,104.6074709,98.79305133,102.3187465,103.0538262,100.8745922,93.21078085,,,,,
529,119.355937,109.122857,103.048813,105.5132918,104.6919606,98.781247,102.295418,103.048813,100.8742748,93.29527065,,,,,
530,119.3441506,109.0995053,103.0437464,105.5127548,104.7751006,98.76946058,102.2720663,103.0437464,100.8737378,93.37841061,,,,,
531,119.3323954,109.0761503,103.0386395,105.5120211,104.8569141,98.75770545,102.2487113,103.0386395,100.8730041,93.4602241,,,,,
532,119.3206896,109.0528168,103.0335108,105.5111188,104.9374281,98.74599964,102.2253778,103.0335108,100.8721018,93.54073809,,,,,
533,119.3090543,109.0295332,103.0283821,105.5100781,105.0166729,98.73436432,102.2020942,103.0283821,100.8710611,93.61998291,,,,,
534,119.2975086,109.0063254,103.0232731,105.5089271,105.0946765,98.72281856,102.1788864,103.0232731,100.8699101,93.6979865,,,,,
535,119.2860598,108.9832076,103.0181923,105.5076823,105.1714543,98.71136985,102.1557686,103.0181923,100.8686653,93.77476427,,,,,
536,119.2747076,108.960185,103.0131394,105.506352,105.2470126,98.70001763,102.132746,103.0131394,100.867335,93.85032259,,,,,
537,119.2634564,108.9372672,103.0081195,105.5049491,105.321363,98.68876644,102.1098282,103.0081195,100.8659321,93.92467299,,,,,
538,119.2523036,108.9144564,103.0031297,105.5034792,105.3945084,98.67761362,102.0870174,103.0031297,100.8644622,93.99781844,,,,,
539,119.2412396,108.8917473,102.9981599,105.5019406,105.4664444,98.66654963,102.0643083,102.9981599,100.8629236,94.06975435,,,,,
540,119.2302547,108.8691344,102.9932003,105.5003328,105.5371702,98.65556468,102.0416954,102.9932003,100.8613158,94.14048024,,,,,
541,119.2193336,108.8466074,102.9882359,105.4986505,105.6066804,98.64464364,102.0191684,102.9882359,100.8596335,94.20999041,,,,,
542,119.2084693,108.824164,102.9832604,105.4968962,105.674977,98.63377934,101.996725,102.9832604,100.8578792,94.27828703,,,,,
543,119.1976535,108.8018009,102.9782663,105.4950715,105.7420601,98.62296349,101.9743619,102.9782663,100.8560545,94.34537011,,,,,
544,119.1868702,108.7795077,102.9732384,105.4931705,105.8079207,98.61218021,101.9520687,102.9732384,100.8541535,94.41123068,,,,,
545,119.1761083,108.7572787,102.9681664,105.4911917,105.8725537,98.60141828,101.9298397,102.9681664,100.8521747,94.47586375,,,,,
546,119.1653513,108.7351024,102.9630346,105.4891279,105.935948,98.59066132,101.9076634,102.9630346,100.8501109,94.53925796,,,,,
547,119.1545935,108.7129773,102.9578379,105.4869816,105.9981016,98.5799035,101.8855383,102.9578379,100.8479646,94.60141164,,,,,
548,119.1438402,108.6909126,102.9525825,105.4847654,106.0590239,98.5691502,101.8634736,102.9525825,100.8457484,94.66233387,,,,,
549,119.1330928,108.6689138,102.9472713,105.4824879,106.118719,98.55840284,101.8414748,102.9472713,100.8434709,94.72202903,,,,,
550,119.1223641,108.6469978,102.9419184,105.480168,106.1772028,98.54767409,101.8195588,102.9419184,100.841151,94.78051281,,,,,
551,119.1116776,108.6251928,102.9365498,105.4778347,106.2345033,98.53698759,101.7977538,102.9365498,100.8388177,94.83781333,,,,,
552,119.1010555,108.6035258,102.9311895,105.4755148,106.2906474,98.52636548,101.7760868,102.9311895,100.8364978,94.89395743,,,,,
553,119.0905268,108.58203,102.9258685,105.4732411,106.3456703,98.51583676,101.754591,102.9258685,100.8342241,94.94898032,,,,,
554,119.0801115,108.5607293,102.9206085,105.4710367,106.3995989,98.5054215,101.7332903,102.9206085,100.8320197,95.00290889,,,,,
555,119.0698205,108.5396381,102.9154214,105.4689148,106.4524513,98.49513052,101.7121991,102.9154214,100.8298978,95.05576125,,,,,
556,119.0596643,108.5187698,102.9103181,105.4668875,106.5042471,98.48497427,101.6913308,102.9103181,100.8278705,95.10755707,,,,,
557,119.0496511,108.4981354,102.905308,105.4649648,106.5550035,98.47496112,101.6706964,102.905308,100.8259478,95.15831351,,,,,
558,119.0397847,108.4777414,102.9003953,105.4631523,106.6047324,98.4650947,101.6503024,102.9003953,100.8241353,95.2080424,,,,,
559,119.0300757,108.4576016,102.8955916,105.4614623,106.6534542,98.45538565,101.6301626,102.8955916,100.8224453,95.25676417,,,,,
560,119.0205334,108.4377286,102.8909078,105.4599059,106.7011883,98.44584343,101.6102896,102.8909078,100.8208889,95.3044983,,,,,
561,119.0111621,108.41813,102.886349,105.4584892,106.7479486,98.43647213,101.590691,102.886349,100.8194722,95.3512586,,,,,
562,119.0019719,108.3988192,102.8819269,105.4572242,106.7937563,98.42728186,101.5713802,102.8819269,100.8182072,95.39706635,,,,,
563,118.992971,108.3798077,102.8776514,105.4561216,106.8386306,98.41828097,101.5523687,102.8776514,100.8171046,95.44194063,,,,,
564,118.9841623,108.3611004,102.8735252,105.4551864,106.8825842,98.40947228,101.5336614,102.8735252,100.8161694,95.48589423,,,,,
565,118.9755522,108.3427056,102.8695552,105.454427,106.9256348,98.40086216,101.5152666,102.8695552,100.81541,95.52894484,,,,,
566,118.9671399,108.3246245,102.8657402,105.4538444,106.9677935,98.39244987,101.4971855,102.8657402,100.8148274,95.57110354,,,,,
567,118.9589237,108.3068571,102.8620786,105.4534382,107.0090719,98.38423366,101.4794181,102.8620786,100.8144212,95.61238192,,,,,
568,118.9508991,108.2894014,102.8585661,105.4532063,107.049479,98.37620908,101.4619624,102.8585661,100.8141893,95.65278904,,,,,
569,118.9430534,108.2722467,102.8551893,105.453138,107.0890153,98.36836338,101.4448077,102.8551893,100.814121,95.6923253,,,,,
570,118.9353739,108.2553827,102.8519346,105.4532227,107.1276819,98.36068386,101.4279437,102.8519346,100.8142057,95.73099193,,,,,
571,118.9278478,108.2388002,102.8487886,105.4534504,107.1654803,98.35315776,101.4113612,102.8487886,100.8144334,95.76879026,,,,,
572,118.920464,108.2224917,102.8457396,105.4538126,107.2024153,98.34577402,101.3950527,102.8457396,100.8147956,95.80572529,,,,,
573,118.9132146,108.206453,102.8427784,105.454303,107.2384966,98.33852464,101.379014,102.8427784,100.815286,95.84180664,,,,,
574,118.9060954,108.1906838,102.8399003,105.4549195,107.2737379,98.33140543,101.3632448,102.8399003,100.8159025,95.87704789,,,,,
575,118.8991056,108.1751875,102.8371042,105.4556633,107.3081577,98.32441564,101.3477485,102.8371042,100.8166463,95.91146774,,,,,
576,118.8922434,108.1599661,102.834388,105.4565346,107.3417734,98.31755342,101.3325271,102.834388,100.8175176,95.9450834,,,,,
577,118.8855011,108.1450155,102.8317433,105.4575275,107.3745957,98.31081109,101.3175765,102.8317433,100.8185105,95.97790569,,,,,
578,118.8788707,108.1303319,102.8291611,105.4586354,107.4066362,98.30418073,101.3028929,102.8291611,100.8196184,96.00994622,,,,,
579,118.8723439,108.11591,102.8266316,105.4598509,107.437905,98.29765386,101.288471,102.8266316,100.8208339,96.04121498,,,,,
580,118.8659089,108.1017414,102.8241405,105.4611627,107.4684079,98.29121889,101.2743024,102.8241405,100.8221457,96.07171786,,,,,
581,118.8595631,108.0878267,102.8216829,105.4625688,107.4981599,98.28487315,101.2603877,102.8216829,100.8235518,96.10146989,,,,,
582,118.8533066,108.0741692,102.8192566,105.4640699,107.527178,98.27861663,101.2467302,102.8192566,100.8250529,96.13048803,,,,,
583,118.8471329,108.0607655,102.8168526,105.4656609,107.5554727,98.27244293,101.2333265,102.8168526,100.8266439,96.15878269,,,,,
584,118.8410305,108.0476068,102.8144574,105.4673323,107.5830486,98.26634051,101.2201678,102.8144574,100.8283153,96.18635856,,,,,
585,118.8349817,108.0346777,102.8120509,105.469069,107.6099035,98.26029168,101.2072387,102.8120509,100.830052,96.21321347,,,,,
586,118.8289735,108.0219681,102.8096179,105.4708607,107.6360404,98.25428353,101.1945291,102.8096179,100.8318437,96.23935043,,,,,
587,118.8229849,108.0094599,102.8071349,105.4726882,107.6614552,98.24829494,101.1820209,102.8071349,100.8336712,96.26476517,,,,,
588,118.8169958,107.9971365,102.8045794,105.474534,107.6861456,98.24230583,101.1696975,102.8045794,100.835517,96.28945557,,,,,
589,118.8109927,107.9849886,102.8019361,105.4763872,107.7101175,98.23630268,101.1575496,102.8019361,100.8373702,96.31342752,,,,,
590,118.8049567,107.9730021,102.7991844,105.4782322,107.7333727,98.23026674,101.1455631,102.7991844,100.8392152,96.33668267,,,,,
591,118.7988698,107.9611639,102.7963041,105.4800539,107.7559139,98.22417983,101.1337249,102.7963041,100.8410369,96.35922386,,,,,
592,118.7927109,107.9494581,102.7932718,105.4818343,107.7777414,98.21802095,101.1220191,102.7932718,100.8428173,96.38105136,,,,,
593,118.7864514,107.9378607,102.7900569,105.4835481,107.798848,98.21176135,101.1104217,102.7900569,100.8445311,96.40215795,,,,,
594,118.7800658,107.926351,102.7866321,105.485173,107.8192302,98.20537585,101.098912,102.7866321,100.846156,96.42254023,,,,,
595,118.773538,107.9149172,102.7829798,105.4866952,107.8388938,98.19884799,101.0874782,102.7829798,100.8476782,96.44220375,,,,,
596,118.7668475,107.9035435,102.7790783,105.4880968,107.8578402,98.19215749,101.0761045,102.7790783,100.8490798,96.46115018,,,,,
597,118.759975,107.8922154,102.7749072,105.48936,107.8760712,98.18528504,101.0647764,102.7749072,100.850343,96.47938121,,,,,
598,118.7529034,107.880921,102.7704482,105.4904685,107.8935905,98.17821339,101.053482,102.7704482,100.8514515,96.49690048,,,,,
599,118.7456188,107.8696522,102.7656868,105.491409,107.9104054,98.17092885,101.0422132,102.7656868,100.852392,96.5137154,,,,,
600,118.738112,107.8584055,102.7606129,105.4921722,107.9265272,98.163422,101.0309665,102.7606129,100.8531552,96.52983722,,,,,
601,118.7303763,107.8471805,102.7552201,105.4927521,107.94197,98.15568627,101.0197415,102.7552201,100.8537351,96.54527996,,,,,
602,118.7224078,107.8359794,102.7495048,105.4931458,107.9567503,98.14771783,101.0085404,102.7495048,100.8541288,96.56006027,,,,,
603,118.7142046,107.8248055,102.7434653,105.4933523,107.9708864,98.13951465,100.9973665,102.7434653,100.8543353,96.5741964,,,,,
604,118.7057658,107.8136623,102.7371016,105.493371,107.9843971,98.13107583,100.9862233,102.7371016,100.854354,96.58770708,,,,,
605,118.6970847,107.8025467,102.7304072,105.4931951,107.997295,98.12239466,100.9751077,102.7304072,100.8541781,96.600605,,,,,
606,118.6881507,107.7914521,102.7233729,105.4928142,108.00959,98.11346066,100.9640131,102.7233729,100.8537972,96.61290004,,,,,
607,118.6789431,107.780361,102.7159783,105.4922075,108.0212825,98.10425309,100.952922,102.7159783,100.8531905,96.62459249,,,,,
608,118.6694337,107.7692482,102.7081955,105.4913464,108.0323651,98.09474373,100.9418092,102.7081955,100.8523294,96.6356751,,,,,
609,118.659598,107.758093,102.7000006,105.4902065,108.0428347,98.08490799,100.930654,102.7000006,100.8511895,96.64614468,,,,,
610,118.6494066,107.74687,102.691366,105.4887587,108.0526839,98.07471661,100.919431,102.691366,100.8497417,96.65599386,,,,,
611,118.6388371,107.7355601,102.6822719,105.4869809,108.0619113,98.0641471,100.9081211,102.6822719,100.8479639,96.66522134,,,,,
612,118.6278751,107.724152,102.6727062,105.4848594,108.0705233,98.05318513,100.896713,102.6727062,100.8458424,96.67383328,,,,,
613,118.6165029,107.7126312,102.6626533,105.4823769,108.0785229,98.04181291,100.8851922,102.6626533,100.8433599,96.68183288,,,,,
614,118.6047093,107.70099,102.6521047,105.479523,108.0859201,98.03001934,100.873551,102.6521047,100.840506,96.68923009,,,,,
615,118.5924852,107.6892227,102.6410535,105.4762892,108.0927263,98.01779524,100.8617837,102.6410535,100.8372722,96.69603633,,,,,
616,118.5798163,107.6773183,102.6294874,105.4726612,108.0989473,98.00512632,100.8498793,102.6294874,100.8336442,96.70225734,,,,,
617,118.5666942,107.6652716,102.6174005,105.468631,108.1045934,97.99200419,100.8378326,102.6174005,100.829614,96.70790342,,,,,
618,118.5531058,107.6530727,102.6047819,105.464186,108.1096699,97.97841584,100.8256337,102.6047819,100.825169,96.71297989,,,,,
619,118.5390368,107.64071,102.5916196,105.4593119,108.114181,97.96434676,100.813271,102.5916196,100.8202949,96.71749098,,,,,
620,118.5244739,107.6281734,102.5779027,105.4539961,108.1181313,97.94978392,100.8007344,102.5779027,100.8149791,96.72144134,,,,,
621,118.5094034,107.6154522,102.5636196,105.4482248,108.1215251,97.9347134,100.7880132,102.5636196,100.8092078,96.7248351,,,,,
622,118.4938053,107.6025288,102.5487525,105.4419781,108.1243607,97.91911531,100.7750898,102.5487525,100.8029611,96.72767069,,,,,
623,118.4776665,107.5893918,102.5332904,105.4352425,108.1266422,97.90297653,100.7619528,102.5332904,100.7962255,96.72995221,,,,,
624,118.4609693,107.5760236,102.5172166,105.4279989,108.1283681,97.88627929,100.7485846,102.5172166,100.7889819,96.73167815,,,,,
625,118.4436952,107.562405,102.500513,105.420227,108.1295349,97.86900517,100.734966,102.500513,100.78121,96.7328449,,,,,
626,118.4258284,107.5485194,102.4831648,105.411909,108.1301418,97.85113838,100.7210804,102.4831648,100.772892,96.73345182,,,,,
627,118.4073583,107.5343551,102.4651627,105.4030318,108.130192,97.83266832,100.7069161,102.4651627,100.7640148,96.73350199,,,,,
628,118.3882851,107.5199112,102.4465088,105.393593,108.1296979,97.81359509,100.6924722,102.4465088,100.754576,96.73300785,,,,,
629,118.359485,107.5015376,102.416553,105.375626,108.1222309,97.78479496,100.6740986,102.416553,100.736609,96.72554091,,,,,
630,118.3302322,107.4830758,102.3862436,105.3572019,108.1146439,97.75554219,100.6556368,102.3862436,100.7181849,96.71795391,,,,,
631,118.3006796,107.4646518,102.3557397,105.3384557,108.1070481,97.72598965,100.6372128,102.3557397,100.6994387,96.71035813,,,,,
632,118.2709578,107.4463603,102.3251733,105.3195049,108.0995293,97.69626782,100.6189213,102.3251733,100.6804879,96.70283925,,,,,
633,118.2411733,107.4282692,102.2946491,105.3004468,108.0921499,97.66648331,100.6008302,102.2946491,100.6614298,96.69545993,,,,,
634,118.2114114,107.4104256,102.2642479,105.2813607,108.0849548,97.63672143,100.5829866,102.2642479,100.6423437,96.68826485,,,,,
635,118.1817385,107.3928602,102.23403,105.2623095,108.0779742,97.60704847,100.5654212,102.23403,100.6232925,96.68128418,,,,,
636,118.1522031,107.37559,102.2040371,105.2433405,108.0712256,97.57751313,100.548151,102.2040371,100.6043235,96.67453565,,,,,
637,118.1228401,107.3586221,102.1742967,105.2244884,108.0647181,97.54815006,100.5311831,102.1742967,100.5854714,96.66802809,,,,,
638,118.0936716,107.3419559,102.1448236,105.205777,108.0584527,97.51898161,100.5145169,102.1448236,100.56676,96.66176274,,,,,
639,118.0647103,107.3255847,102.1156233,105.1872208,108.0524252,97.49002033,100.4981457,102.1156233,100.5482038,96.65573523,,,,,
640,118.0359622,107.3094988,102.086695,105.1688282,108.0466282,97.46127219,100.4820598,102.086695,100.5298112,96.6499382,,,,,
641,118.0074273,107.2936859,102.0580322,105.1506022,108.0410514,97.43273733,100.4662469,102.0580322,100.5115852,96.64436142,,,,,
642,117.9791015,107.2781314,102.0296246,105.1325412,108.0356828,97.40441153,100.4506924,102.0296246,100.4935242,96.63899281,,,,,
643,117.9509782,107.262821,102.0014602,105.1146417,108.03051,97.37628818,100.435382,102.0014602,100.4756247,96.63381998,,,,,
644,117.9230486,107.2477398,101.973525,105.0968976,108.0255201,97.34835858,100.4203008,101.973525,100.4578806,96.62883007,,,,,
645,117.8953035,107.232874,101.9458052,105.0793026,108.020701,97.32061351,100.405435,101.9458052,100.4402856,96.62401102,,,,,
646,117.8677335,107.2182108,101.9182871,105.0618499,108.0160416,97.29304347,100.3907718,101.9182871,100.4228329,96.61935157,,,,,
647,117.8403283,107.2037377,101.8909567,105.0445319,108.0115306,97.26563829,100.3762987,101.8909567,100.4055149,96.61484059,,,,,
648,117.8130782,107.1894433,101.8638009,105.0273413,108.007158,97.23838824,100.3620043,101.8638009,100.3883243,96.61046798,,,,,
649,117.785974,107.1753172,101.8368072,105.0102712,108.0029146,97.21128402,100.3478782,101.8368072,100.3712542,96.60622458,,,,,
650,117.7590061,107.1613494,101.8099635,104.9933143,107.9987914,97.1843161,100.3339104,101.8099635,100.3542973,96.60210139,,,,,
651,117.7321654,107.1475307,101.783258,104.9764634,107.9947802,97.15747539,100.3200917,101.783258,100.3374464,96.59809016,,,,,
652,117.7054426,107.1338516,101.7566791,104.9597114,107.9908726,97.13075263,100.3064126,101.7566791,100.3206944,96.59418257,,,,,
653,117.6788284,107.120303,101.7302154,104.9430505,107.9870603,97.10413841,100.292864,101.7302154,100.3040335,96.59037029,,,,,
654,117.652314,107.1068765,101.7038561,104.9264738,107.9833357,97.07762399,100.2794375,101.7038561,100.2874568,96.58664574,,,,,
655,117.6258908,107.0935638,101.6775909,104.9099741,107.9796915,97.05120079,100.2661248,101.6775909,100.2709571,96.58300152,,,,,
656,117.5995508,107.0803573,101.6514101,104.8935449,107.9761209,97.02486081,100.2529183,101.6514101,100.2545279,96.57943089,,,,,
657,117.5732859,107.0672495,101.6253042,104.8771794,107.972617,96.99859592,100.2398105,101.6253042,100.2381624,96.57592703,,,,,
658,117.5470879,107.0542325,101.5992633,104.8608707,107.9691731,96.97239786,100.2267935,101.5992633,100.2218537,96.57248307,,,,,
659,117.5209488,107.0412992,101.5732786,104.8446121,107.9657826,96.94625883,100.2138602,101.5732786,100.2055951,96.5690926,,,,,
660,117.494861,107.0284424,101.5473408,104.8283969,107.9624391,96.92017096,100.2010034,101.5473408,100.1893799,96.56574912,,,,,
661,117.4688163,107.0156546,101.521441,104.8122184,107.9591361,96.89412634,100.1882156,101.521441,100.1732014,96.5624461,,,,,
662,117.4428075,107.0029291,101.4955708,104.79607,107.9558676,96.86811753,100.1754901,101.4955708,100.157053,96.55917758,,,,,
663,117.4168272,106.9902593,101.4697219,104.7799454,107.9526277,96.84213722,100.1628203,101.4697219,100.1409284,96.55593769,,,,,
664,117.3908687,106.977639,101.4438868,104.7638391,107.9494112,96.81617872,100.1502,101.4438868,100.1248221,96.55272116,,,,,
665,117.3649261,106.965063,101.4180589,104.747746,107.9462135,96.79023613,100.137624,101.4180589,100.108729,96.54952347,,,,,
666,117.338994,106.9525269,101.3922323,104.7316616,107.9430306,96.76430405,100.1250879,101.3922323,100.0926446,96.5463406,,,,,
667,117.313067,106.9400257,101.3664011,104.7155815,107.9398585,96.73837704,100.1125867,101.3664011,100.0765645,96.54316851,,,,,
668,117.28714,106.9275553,101.3405598,104.6995015,107.9366935,96.71245001,100.1001163,101.3405598,100.0604845,96.54000351,,,,,
669,117.2612077,106.915111,101.3147026,104.683417,107.9335317,96.68651769,100.087672,101.3147026,100.0444,96.53684172,,,,,
670,117.2352647,106.9026881,101.2888238,104.6673235,107.9303691,96.66057466,100.0752491,101.2888238,100.0283065,96.53367908,,,,,
671,117.2093058,106.8902822,101.262918,104.6512167,107.9272019,96.63461583,100.0628432,101.262918,100.0121997,96.53051185,,,,,
672,117.183326,106.8778888,101.2369796,104.6350921,107.9240261,96.60863599,100.0504498,101.2369796,99.99607514,96.52733614,,,,,
673,117.1573198,106.8655033,101.2110031,104.6189451,107.9208379,96.5826298,100.0380643,101.2110031,99.97992805,96.52414786,,,,,
674,117.1312822,106.8531212,101.1849831,104.6027711,107.9176333,96.55659221,100.0256822,101.1849831,99.96375407,96.52094329,,,,,
675,117.1052082,106.8407381,101.1589146,104.5865658,107.9144087,96.53051821,100.0132991,101.1589146,99.94754881,96.51771872,,,,,
676,117.0790934,106.8283502,101.1327928,104.5703254,107.9111609,96.50440337,100.0009112,101.1327928,99.93130842,96.51447093,,,,,
677,117.0529337,106.8159542,101.1066136,104.5540465,107.9078872,96.4782437,99.98851522,101.1066136,99.91502952,96.51119722,,,,,
678,117.0267252,106.8035467,101.0803731,104.5377257,107.9045849,96.45203524,99.97610767,101.0803731,99.8987087,96.50789486,,,,,
679,117.0004645,106.7911246,101.0540676,104.52136,107.9012516,96.42577446,99.96368564,101.0540676,99.88234297,96.50456157,,,,,
680,116.9741482,106.7786856,101.027694,104.5049467,107.8978854,96.39945824,99.95124656,101.027694,99.86592972,96.50119543,,,,,
681,116.9477734,106.7662268,101.0012491,104.4884832,107.8944845,96.37308344,99.93878778,101.0012491,99.84946624,96.49779446,,,,,
682,116.9213373,106.7537461,100.9747302,104.4719672,107.8910471,96.34664734,99.92630708,100.9747302,99.8329502,96.4943571,,,,,
683,116.8948376,106.7412416,100.9481351,104.4553966,107.8875721,96.32014757,99.91380258,100.9481351,99.81637965,96.49088213,,,,,
684,116.8682717,106.7287113,100.9214613,104.4387695,107.8840582,96.29358168,99.90127232,100.9214613,99.79975249,96.48736824,,,,,
685,116.8416375,106.7161536,100.8947068,104.4220839,107.8805043,96.26694749,99.8887146,100.8947068,99.78306686,96.48381433,,,,,
686,116.8149327,106.7035666,100.8678694,104.4053378,107.8769092,96.24024272,99.87612761,100.8678694,99.76632079,96.48021923,,,,,
687,116.7881555,106.6909489,100.8409473,104.3885297,107.8732721,96.21346549,99.86350992,100.8409473,99.74951267,96.47658211,,,,,
688,116.7613043,106.6782995,100.8139392,104.3716583,107.8695925,96.18661428,99.85086047,100.8139392,99.73264125,96.47290253,,,,,
689,116.7343775,106.6656171,100.7868437,104.3547222,107.8658699,96.15968747,99.83817809,100.7868437,99.71570515,96.46917989,,,,,
690,116.7073736,106.6529007,100.7596595,104.3377201,107.8621038,96.13268357,99.82546175,100.7596595,99.69870314,96.46541378,,,,,
691,116.6802909,106.6401491,100.7323851,104.3206507,107.8582935,96.10560087,99.81271011,100.7323851,99.68163369,96.46160348,,,,,
692,116.6531274,106.6273605,100.7050186,104.303512,107.854438,96.07843737,99.79992153,100.7050186,99.66449498,96.45774801,,,,,
693,116.6258812,106.6145336,100.6775587,104.2863023,107.8505366,96.05119122,99.78709456,100.6775587,99.64728533,96.45384656,,,,,
694,116.5985505,106.6016666,100.6500034,104.2690199,107.8465882,96.02386049,99.77422758,100.6500034,99.63000289,96.4498982,,,,,
695,116.5711334,106.5887582,100.6223512,104.2516629,107.8425921,95.99644337,99.76131916,100.6223512,99.61264595,96.4459021,,,,,
696,116.543628,106.5758068,100.5946006,104.2342296,107.8385474,95.96893795,99.74836776,100.5946006,99.59521265,96.44185735,,,,,
697,116.5160327,106.5628112,100.5667504,104.2167185,107.8344534,95.94134273,99.73537222,100.5667504,99.57770154,96.43776337,,,,,
698,116.4883465,106.5497707,100.5387997,104.1991285,107.8303099,95.91365652,99.72233171,100.5387997,99.56011149,96.43361988,,,,,
699,116.4605681,106.5366843,100.5107477,104.1814582,107.8261165,95.88587808,99.70924532,100.5107477,99.54244123,96.42942645,,,,,
700,116.4326966,106.5235516,100.482594,104.1637069,107.821873,95.85800663,99.69611257,100.482594,99.5246899,96.42518302,,,,,
701,116.4047317,106.5103723,100.4543388,104.145874,107.8175798,95.8300417,99.68293328,100.4543388,99.50685696,96.42088984,,,,,
702,116.3766728,106.4971462,100.4259818,104.1279587,107.813237,95.80198276,99.66970722,100.4259818,99.48894173,96.41654702,,,,,
703,116.3485197,106.4838736,100.3975236,104.1099609,107.808845,95.77382969,99.65643458,100.3975236,99.47094394,96.41215498,,,,,
704,116.3202727,106.4705548,100.3689648,104.0918806,107.8044044,95.74558268,99.64311584,100.3689648,99.45286359,96.40771445,,,,,
705,116.2919318,106.4571904,100.3403061,104.0737176,107.799916,95.71724183,99.62975141,100.3403061,99.43470057,96.40322597,,,,,
706,116.2634976,106.443781,100.3115484,104.0554722,107.7953804,95.68880759,99.61634202,100.3115484,99.41645515,96.39869042,,,,,
707,116.2349708,106.4303277,100.2826932,104.0371449,107.790799,95.66028075,99.60288873,100.2826932,99.39812792,96.39410897,,,,,
708,116.206352,106.4168314,100.2537417,104.0187363,107.7861726,95.63166198,99.58939241,100.2537417,99.37971931,96.38948262,,,,,
709,116.1776423,106.4032933,100.2246954,104.0002472,107.7815027,95.60295231,99.57585428,100.2246954,99.36123016,96.38481269,,,,,
710,116.148843,106.3897149,100.1955562,103.9816785,107.7767908,95.57415304,99.56227586,100.1955562,99.34266154,96.3801008,,,,,
711,116.1199552,106.3760973,100.1663257,103.9630312,107.7720382,95.54526515,99.5486583,100.1663257,99.32401417,96.37534821,,,,,
712,116.0909791,106.3624413,100.1370049,103.9443052,107.7672456,95.51628913,99.53500226,100.1370049,99.30528823,96.37055562,,,,,
713,116.0619151,106.348747,100.1075944,103.9255006,107.7624134,95.48722514,99.52130804,100.1075944,99.28648356,96.36572344,,,,,
714,116.0327637,106.3350153,100.0780953,103.9066174,107.7575424,95.45807371,99.50757634,100.0780953,99.26760035,96.36085241,,,,,
715,116.0035257,106.3212471,100.048509,103.8876561,107.7526336,95.4288357,99.49380814,100.048509,99.24863914,96.35594358,,,,,
716,115.9742018,106.3074433,100.0188365,103.8686173,107.7476878,95.3995118,99.48000429,100.0188365,99.22960031,96.35099784,,,,,
717,115.9447931,106.293605,99.98907941,103.8495017,107.7427064,95.37010312,99.46616599,99.98907941,99.21048465,96.3460164,,,,,
718,115.9153011,106.2797338,99.95923974,103.8303103,107.7376908,95.34061105,99.45229476,99.95923974,99.19129331,96.34100077,,,,,
719,115.8857269,106.2658309,99.92931922,103.8110443,107.7326423,95.31103692,99.43839189,99.92931922,99.17202728,96.33595228,,,,,
720,115.8560724,106.251898,99.89931992,103.7917049,107.7275625,95.28138236,99.42445897,99.89931992,99.1526879,96.33087248,,,,,
721,115.826339,106.2379366,99.86924391,103.7722935,107.7224529,95.25164904,99.41049758,99.86924391,99.13327652,96.32576293,,,,,
722,115.7965284,106.223948,99.83909304,103.7528113,107.7173149,95.2218384,99.39650904,99.83909304,99.11379426,96.32062491,,,,,
723,115.7666421,106.2099339,99.80886941,103.7332595,107.7121498,95.19195212,99.38249486,99.80886941,99.09424246,96.31545981,,,,,
724,115.7366817,106.1958954,99.77857491,103.7136393,107.7069589,95.16199173,99.36845636,99.77857491,99.07462228,96.31026886,,,,,
725,115.7066492,106.1818343,99.74821188,103.6939523,107.7017436,95.13195922,99.35439526,99.74821188,99.05493531,96.30505364,,,,,
726,115.6765469,106.1677526,99.71778302,103.6742005,107.6965061,95.10185695,99.34031364,99.71778302,99.03518348,96.2998161,,,,,
727,115.6463771,106.1536524,99.68729081,103.6543855,107.691248,95.07168707,99.32621337,99.68729081,99.0153685,96.29455796,,,,,
728,115.6161419,106.1395354,99.65673787,103.6345093,107.6859711,95.0414519,99.31209643,99.65673787,98.99549228,96.28928108,,,,,
729,115.5858436,106.1254036,99.62612658,103.6145735,107.6806771,95.01115356,99.29796456,99.62612658,98.97555651,96.28398708,,,,,
730,115.5554843,106.1112586,99.59545949,103.59458,107.6753676,94.98079432,99.28381958,99.59545949,98.95556301,96.27867764,,,,,
731,115.5250662,106.097102,99.56473884,103.5745304,107.6700442,94.95037621,99.26966302,99.56473884,98.93551342,96.27335422,,,,,
732,115.4945915,106.0829356,99.53396711,103.5544266,107.6647085,94.91990152,99.25549661,99.53396711,98.91540961,96.26801848,,,,,
733,115.4640623,106.0687609,99.5031465,103.5342703,107.6593618,94.88937227,99.24132189,99.5031465,98.89525325,96.26267182,,,,,
734,115.4334808,106.0545797,99.47227959,103.5140634,107.654006,94.85879084,99.22714071,99.47227959,98.8750464,96.25731605,,,,,
735,115.4028499,106.0403943,99.44136936,103.4938086,107.6486433,94.82815995,99.21295534,99.44136936,98.85479155,96.25195334,,,,,
736,115.372172,106.0262068,99.41041849,103.473508,107.6432756,94.79748203,99.19876778,99.41041849,98.83449097,96.24658563,,,,,
737,115.3414497,106.0120192,99.37942981,103.4531641,107.637905,94.76675971,99.18458017,99.37942981,98.81414712,96.24121504,,,,,
738,115.3106852,105.9978332,99.34840563,103.4327791,107.6325333,94.73599516,99.17039417,99.34840563,98.79376206,96.23584326,,,,,
