Image Index,ROI Index,Blue Intensity,Avg H,Avg S,Avg V,Avg R,Avg G,Avg B
1,1,62.086992481203005,114.84723684210526,127.86095238095238,63.10010651629073,34.58328947368421,36.25993107769423,62.086992481203005
2,1,63.30740601503759,114.85483709273183,127.7987969924812,64.35671679197995,35.319818295739346,36.782380952380954,63.30740601503759
3,1,64.01332706766917,115.26514411027568,127.39532581453633,65.04398496240601,35.888195488721806,37.05312030075188,64.01332706766917
4,1,63.82105263157895,115.13590852130326,126.72055137844612,64.89904135338345,36.12591478696742,37.18055137844612,63.82105263157895
5,1,64.51588345864661,115.95,127.06986215538848,65.47941729323308,36.36032581453634,37.03700501253133,64.51588345864661
6,1,58.74413533834586,116.62293859649122,127.43205513784461,59.980031328320806,34.456622807017546,33.21919799498747,58.74413533834586
7,1,64.46385964912281,115.06308897243107,127.71105263157895,65.4773245614035,36.04229323308271,37.33280701754386,64.46385964912281
8,1,64.50807644110276,115.71712406015038,126.48535714285714,65.51482456140351,36.55089598997494,37.26020050125313,64.50807644110276
9,1,64.72538847117795,115.71224310776942,127.73921679197996,65.67989348370928,36.21776315789474,37.09582706766917,64.72538847117795
10,1,64.51040100250627,115.47369047619047,127.2220426065163,65.53229949874687,36.30857769423559,37.221622807017546,64.51040100250627
11,1,64.89085213032581,115.83179824561404,127.35318922305764,65.88936090225565,36.51055137844612,37.2450313283208,64.89085213032581
12,1,59.02119674185464,116.70932330827068,126.97754385964912,60.27522556390977,34.755802005012534,33.30857769423559,59.02119674185464
13,1,65.27005639097744,115.74935463659148,127.49043233082706,66.33191102756892,36.774906015037594,37.395357142857144,65.27005639097744
14,1,59.33659147869674,116.74122180451128,127.18451754385966,60.64281954887218,35.078696741854635,33.38483082706767,59.33659147869674
15,1,65.4597619047619,116.18642230576441,127.3724686716792,66.4740350877193,37.08783834586466,37.39007518796993,65.4597619047619
16,1,59.177418546365914,117.36019423558898,127.10725563909774,60.39013157894737,35.12968045112782,33.200833333333335,59.177418546365914
17,1,58.585344611528825,117.34362781954887,128.0048558897243,59.83201754385965,34.75783834586466,32.61957393483709,58.585344611528825
18,1,59.261453634085214,116.87273182957394,127.34734962406014,60.49233709273183,34.84710526315789,33.26872180451128,59.261453634085214
19,1,65.22245614035087,116.71111528822055,127.8795551378446,66.15906015037594,36.85671052631579,36.901785714285715,65.22245614035087
20,1,59.39261904761905,117.1739223057644,127.68562030075188,60.63191729323308,35.04107142857143,33.12518796992481,59.39261904761905
21,1,65.78989348370928,116.72395989974937,128.11959899749374,66.72293233082706,37.07965538847118,36.94508145363409,65.78989348370928
22,1,59.53851503759398,116.63108395989975,127.95901002506265,60.776998746867164,34.75454260651629,33.4452694235589,59.53851503759398
23,1,66.07788847117794,116.5559649122807,128.1837969924812,67.0227694235589,37.004448621553884,37.27112155388471,66.07788847117794
24,1,59.47875939849624,117.28914786967418,128.0584335839599,60.697080200501254,34.982593984962406,32.98731203007519,59.47875939849624
25,1,65.11847744360902,116.21742481203007,127.11669799498746,66.13342731829574,36.876691729323305,37.0253634085213,65.11847744360902
26,1,65.34089598997494,116.23637844611528,127.28940476190476,66.3007268170426,36.846923558897245,37.18865914786967,65.34089598997494
27,1,65.4909962406015,116.13575187969924,128.46719298245614,66.44143483709273,36.61578947368421,37.03317042606516,65.4909962406015
28,1,65.39369047619047,116.10330200501254,128.5034962406015,66.35497493734336,36.49812656641604,37.20122180451128,65.39369047619047
29,1,65.22601503759398,116.12676065162907,127.64921052631578,66.23082706766917,36.74622807017544,37.21430451127819,65.22601503759398
30,1,66.17263784461153,116.36309523809524,126.21660401002507,67.2093671679198,37.82408521303258,37.739147869674184,66.17263784461153
31,1,66.80553884711779,116.39172932330827,127.24194235588972,67.80541979949875,37.89899122807017,37.90295739348371,66.80553884711779
32,1,66.02283834586466,116.22077694235588,127.03634085213032,66.97046365914787,37.23665413533835,37.53404761904762,66.02283834586466
33,1,45.139598997493735,133.15790726817042,246.40176691729323,45.81236215538847,19.451854636591477,1.7353258145363408,45.139598997493735
34,1,65.35721177944862,116.35748120300752,129.03426691729322,66.25144110275689,36.379592731829575,36.80517543859649,65.35721177944862
35,1,58.85474310776942,116.84817669172932,128.08798245614034,60.08744987468672,34.40578947368421,32.901397243107766,58.85474310776942
36,1,64.72963032581454,116.04612155388472,127.7560275689223,65.67025062656641,36.26880952380952,36.9524686716792,64.72963032581454
37,1,58.68087719298246,116.85597117794487,128.89471804511277,59.8878320802005,34.15483082706767,32.708878446115285,58.68087719298246
38,1,64.96069548872181,115.85997493734335,128.78202380952382,65.91906015037594,36.18645989974937,36.86496240601504,64.96069548872181
39,1,65.04919172932331,116.29158521303258,127.87234962406015,65.98777568922306,36.46178571428572,36.91098370927318,65.04919172932331
40,1,64.88878446115288,115.63320175438596,128.15384085213032,65.86878446115288,36.1556328320802,37.06881578947368,64.88878446115288
41,1,65.28265037593985,116.36911027568922,129.00226817042608,66.19248120300752,36.3434962406015,36.73543859649123,65.28265037593985
42,1,65.17977443609023,116.07172932330828,129.11616541353382,66.13320175438596,36.20166666666667,36.73655388471178,65.17977443609023
43,1,65.37476817042607,116.55407268170426,129.6038784461153,66.30937343358396,36.41078320802005,36.61699874686717,65.37476817042607
44,1,64.99130952380952,115.87283834586466,128.571992481203,65.95084586466166,36.18909147869674,36.726854636591476,64.99130952380952
45,1,64.87839598997493,116.41945488721805,128.80830200501254,65.83654761904762,36.314423558897246,36.64234962406015,64.87839598997493
46,1,59.013934837092734,116.63686090225563,128.87177318295738,60.20067669172932,34.13698621553885,32.95374686716792,59.013934837092734
47,1,65.01188596491228,116.08447368421052,128.6809649122807,65.93832706766918,36.14434837092732,36.743395989974935,65.01188596491228
48,1,58.61725563909774,117.23527568922306,128.71971804511278,59.78812656641604,34.1537343358396,32.5012030075188,58.61725563909774
49,1,64.61619047619048,116.03399122807018,128.5975626566416,65.55315789473684,35.93170426065163,36.62993107769424,64.61619047619048
50,1,64.83293859649123,115.8478320802005,129.58701754385964,65.7530701754386,35.715858395989976,36.51546365914787,64.83293859649123
51,1,57.597863408521306,117.73674812030075,128.80117794486216,58.74646616541354,33.72053258145363,31.634166666666665,57.597863408521306
52,1,59.2880701754386,117.71389097744361,129.8040664160401,60.44340852130326,34.356152882205514,32.416121553884715,59.2880701754386
53,1,66.69787593984962,117.03318922305765,128.75741854636593,67.62441102756893,37.48528195488722,37.30135338345865,66.69787593984962
54,1,60.663220551378444,117.6920426065163,128.4127255639098,61.81418546365915,35.582086466165414,33.422211779448624,60.663220551378444
55,1,66.32083333333334,116.661835839599,128.10439223057645,67.2306328320802,37.20639097744361,37.21827067669173,66.32083333333334
56,1,60.1109335839599,118.06489348370927,129.2202694235589,61.19775062656642,35.060864661654136,32.890093984962405,60.1109335839599
57,1,65.8126253132832,116.79893483709273,130.787656641604,66.69120927318296,36.3060275689223,36.587926065162904,65.8126253132832
58,1,59.425219298245615,117.54887218045113,128.9114536340852,60.59266917293233,34.660269423558894,32.756817042606514,59.425219298245615
59,1,65.84333959899749,116.69649749373434,129.46189223057644,66.75463032581453,36.61803258145363,36.69954887218045,65.84333959899749
60,1,59.84464912280702,117.6287969924812,128.85502506265664,61.02764411027569,34.907218045112785,32.872230576441105,59.84464912280702
61,1,65.73155388471179,116.61063909774435,129.19510651629074,66.65144110275689,36.596641604010024,36.76660401002506,65.73155388471179
62,1,59.99108395989975,117.78453007518797,129.91709899749372,61.02750626566416,34.64193609022556,32.63779448621554,59.99108395989975
63,1,65.58914160401002,116.16117794486216,129.5745238095238,66.51667293233082,36.25499373433584,36.767769423558896,65.58914160401002
64,1,65.36719298245615,116.25570175438597,129.90043233082707,66.27085839598998,36.0178320802005,36.62778822055138,65.36719298245615
65,1,65.65594611528822,116.54178571428571,130.30584586466165,66.4678634085213,35.94379072681704,36.61625313283208,65.65594611528822
66,1,65.63612781954888,116.60635964912281,130.94670426065164,66.54305764411028,36.04973684210526,36.49538847117795,65.63612781954888
67,1,65.20102130325814,116.1548746867168,129.67018170426064,66.1172619047619,36.0212656641604,36.57394736842105,65.20102130325814
68,1,66.01558897243108,117.0632268170426,131.2592731829574,66.82991854636592,36.177700501253135,36.24234335839599,66.01558897243108
69,1,65.62860902255639,116.47778822055137,130.0587781954887,66.51578947368421,36.228201754385964,36.57700501253133,65.62860902255639
70,1,65.4128947368421,116.33709899749374,130.42590852130326,66.28441729323308,35.86940476190476,36.48025689223058,65.4128947368421
71,1,65.38863408521303,116.26871553884712,130.22630325814535,66.27571428571429,35.87871553884712,36.460012531328324,65.38863408521303
72,1,65.40669799498747,116.36916666666667,130.21931077694236,66.29935463659147,35.97654135338346,36.46005639097744,65.40669799498747
73,1,59.528051378446115,117.389492481203,130.43703007518798,60.64329573934837,34.10689223057644,32.63098370927318,59.528051378446115
74,1,65.78075187969925,116.36712406015037,131.31709273182958,66.65866541353384,35.85453634085213,36.47874060150376,65.78075187969925
75,1,59.763521303258145,117.86231203007519,130.82926691729324,60.80859649122807,34.20186090225564,32.347005012531326,59.763521303258145
76,1,65.62271929824561,116.23697994987468,131.06134085213031,66.52426691729323,35.830739348370926,36.42092731829574,65.62271929824561
77,1,59.3015664160401,118.16312656641604,130.47714912280702,60.37328947368421,34.23949874686717,32.08922305764411,59.3015664160401
78,1,65.43821428571428,116.64535087719298,130.55470551378446,66.26259398496241,35.81189223057644,36.21421052631579,65.43821428571428
79,1,64.92354636591479,115.8672619047619,129.88464285714286,65.85135338345864,35.70857142857143,36.49239348370927,64.92354636591479
80,1,65.5364724310777,116.29255012531328,131.07160401002506,66.42610902255639,35.704166666666666,36.4218045112782,65.5364724310777
81,1,66.27046992481203,116.93817042606516,131.6470551378446,67.08798245614035,36.08118421052632,36.19384711779448,66.27046992481203
82,1,66.00585213032582,116.96994360902255,131.27472431077695,66.84708020050125,36.2014724310777,36.24513784461153,66.00585213032582
83,1,65.74966165413534,116.21058270676691,131.5783082706767,66.63741854636592,35.612305764411026,36.444461152882205,65.74966165413534
84,1,65.85256265664161,117.00271303258145,131.5034022556391,66.64785087719298,35.916033834586464,36.1799686716792,65.85256265664161
85,1,65.65449248120301,116.48414786967419,132.1297619047619,66.48353383458647,35.626917293233085,36.223496240601506,65.65449248120301
86,1,59.329937343358395,117.50369674185464,130.13874686716792,60.43101503759399,34.043358395989976,32.38782581453634,59.329937343358395
87,1,65.47529448621555,116.47595864661655,131.16382205513784,66.3003634085213,35.658489974937346,36.35363408521303,65.47529448621555
88,1,59.5281015037594,117.79920426065163,129.98268170426064,60.55878446115288,34.122149122807016,32.35788220551378,59.5281015037594
89,1,65.5541604010025,116.16508771929824,130.80223684210526,66.41329573934837,35.69703007518797,36.487882205513785,65.5541604010025
90,1,59.37605263157895,117.6797305764411,129.81546992481202,60.475037593984965,34.28265037593985,32.369692982456144,59.37605263157895
91,1,66.03020676691729,116.46347744360902,131.57472431077693,66.85811403508772,35.85371553884712,36.394423558897245,66.03020676691729
92,1,59.278302005012534,117.81186090225565,131.54225563909773,60.294567669172935,33.84823308270677,31.984179197994987,59.278302005012534
93,1,65.39456766917293,116.18285087719298,130.09095864661654,66.29775689223058,35.80011278195489,36.479279448621554,65.39456766917293
94,1,65.8790664160401,116.87291979949875,131.03883458646615,66.71428571428571,36.01761904761905,36.227487468671676,65.8790664160401
95,1,66.03266290726818,116.64082080200501,131.14790726817043,66.87996240601504,36.04832706766917,36.45375939849624,66.03266290726818
96,1,66.08682957393484,116.66736215538847,131.02405388471178,66.8861090225564,36.06424812030075,36.529461152882206,66.08682957393484
97,1,65.38115288220551,116.16757518796993,130.34315789473683,66.2903007518797,35.83105889724311,36.47179197994988,65.38115288220551
98,1,65.41451127819549,116.11394736842105,130.34700501253133,66.32318922305764,35.776008771929824,36.49680451127819,65.41451127819549
99,1,65.58970551378447,116.53998746867168,131.02828320802004,66.46825187969925,35.94275689223058,36.27109649122807,65.58970551378447
100,1,66.12451754385965,116.28026942355889,131.28609649122808,66.99327067669174,35.89085213032581,36.642825814536344,66.12451754385965
101,1,59.90055764411028,117.60865288220552,129.9744298245614,60.99721177944862,34.530676691729326,32.62139097744361,59.90055764411028
102,1,66.62220551378446,117.02296992481203,131.65330200501253,67.42128446115288,36.28208646616542,36.38274436090226,66.62220551378446
103,1,60.12498120300752,117.80082706766918,131.6223120300752,61.20421052631579,34.3740037593985,32.33320175438597,60.12498120300752
104,1,66.03055764411027,116.55936090225563,131.54887218045113,66.92942982456141,35.89167293233083,36.41172305764411,66.03055764411027
105,1,59.78579573934837,117.71558270676692,130.86223684210526,60.83074561403509,34.243978696741856,32.41684837092732,59.78579573934837
106,1,66.09390977443609,116.55692355889724,132.0364097744361,66.93166666666667,35.76329573934837,36.209185463659146,66.09390977443609
107,1,66.12008145363409,116.54990601503759,132.1541290726817,66.97885964912281,35.76662280701754,36.29704260651629,66.12008145363409
108,1,66.29600877192982,117.26392230576441,132.11011904761904,67.06098997493734,36.08467418546366,36.0521679197995,66.29600877192982
109,1,66.09573308270677,116.74885338345865,132.12812030075187,66.93422932330827,35.86838345864662,36.174172932330826,66.09573308270677
110,1,66.41733082706767,117.11870927318296,132.16130952380954,67.2264411027569,35.971284461152884,36.18077694235589,66.41733082706767
111,1,66.62686090225564,117.36381578947369,133.58925438596492,67.36892857142857,35.884166666666665,35.88323308270677,66.62686090225564
112,1,65.66725563909775,116.90508145363408,131.66040100250626,66.52842105263159,35.94248120300752,36.01392230576441,65.66725563909775
113,1,66.2896365914787,117.14635338345865,131.93808897243107,67.07577694235589,36.13061403508772,36.089505012531326,66.2896365914787
114,1,66.61098997493734,117.2794298245614,132.2212656641604,67.4496992481203,36.420037593984965,36.0590350877193,66.61098997493734
115,1,66.27866541353383,116.58432330827068,131.51915413533834,67.12233082706767,36.014016290726815,36.340607769423556,66.27866541353383
116,1,60.39375313283208,117.9350939849624,131.5626441102757,61.42980576441103,34.36518170426065,32.51720551378446,60.39375313283208
117,1,65.96630952380953,117.005,130.3796992481203,66.81502506265664,36.38377192982456,36.267825814536344,65.96630952380953
118,1,60.45302005012531,118.39791979949875,131.82407268170425,61.449035087719295,34.46958646616542,32.26342731829574,60.45302005012531
119,1,66.54638471177945,117.29684210526315,131.6170551378446,67.34221177944862,36.407738095238095,36.186109022556394,66.54638471177945
120,1,60.36040726817043,118.05019423558898,132.09217418546365,61.43578320802005,34.40515037593985,32.20016290726817,60.36040726817043
121,1,66.55247493734336,117.05033834586466,132.5413596491228,67.36209899749373,36.07640350877193,36.31947368421053,66.55247493734336
122,1,60.45042606516291,118.19016290726817,131.50546992481202,61.51187343358396,34.493696741854635,32.300131578947365,60.45042606516291
123,1,66.39133458646617,117.20337092731829,131.93287593984962,67.25785087719298,36.32661654135338,36.118646616541355,66.39133458646617
124,1,66.97820175438596,117.4654887218045,133.0314536340852,67.7025626566416,36.12894736842105,36.17104636591479,66.97820175438596
125,1,66.68339598997494,117.06528822055138,132.91308897243107,67.54685463659148,36.120689223057646,36.11943609022556,66.68339598997494
126,1,66.5605388471178,117.00544486215539,133.66583333333332,67.33781954887218,35.66875313283208,36.062875939849626,66.5605388471178
127,1,66.26161654135338,116.77048245614036,132.37899122807016,67.07779448621554,35.77657894736842,36.19248746867168,66.26161654135338
128,1,66.71407268170427,116.95961152882205,132.65570175438597,67.50728696741855,35.90152255639098,36.24035714285714,66.71407268170427
129,1,65.99778195488722,116.76972431077694,131.67706766917294,66.80521929824562,35.761347117794486,36.36528822055138,65.99778195488722
130,1,66.8209335839599,117.1843984962406,133.1303822055138,67.57729949874687,35.96282581453634,36.01,66.8209335839599
131,1,60.299830827067666,118.00921052631578,131.3892919799499,61.36788847117794,34.30059523809524,32.43168546365915,60.299830827067666
132,1,67.12917293233083,117.1816290726817,133.95570802005014,67.92100250626567,36.028358395989976,36.10275689223057,67.12917293233083
133,1,60.86501253132832,118.37600877192982,132.57766290726818,61.82843984962406,34.36854636591479,32.23555137844612,60.86501253132832
134,1,66.91604636591478,117.63968671679199,133.1480701754386,67.70397869674186,36.258865914786966,36.01864035087719,66.91604636591478
135,1,60.4862343358396,118.37934837092732,132.05802005012532,61.45468045112782,34.39350250626566,32.196115288220554,60.4862343358396
136,1,66.88031328320803,117.51555137844612,133.77797619047618,67.64362155388471,35.96752506265664,35.718834586466166,66.88031328320803
137,1,59.87795112781955,118.34624686716792,132.0066478696742,60.8837343358396,34.122756892230576,31.96311403508772,59.87795112781955
138,1,66.83335213032582,117.65036967418547,133.035,67.53751253132832,36.07169799498747,35.90143483709273,66.83335213032582
139,1,66.83966165413534,117.2062030075188,133.8004761904762,67.62982456140351,35.92333333333333,35.995520050125315,66.83966165413534
140,1,66.80671679197995,117.08870927318296,132.66129072681704,67.60177944862156,36.18968671679198,36.19642230576441,66.80671679197995
141,1,66.87642857142858,117.04497493734335,133.5204761904762,67.64377192982457,35.89893483709273,36.1647305764411,66.87642857142858
142,1,66.9452380952381,117.24205513784462,133.57504385964913,67.74934837092732,35.99647243107769,36.02344611528822,66.9452380952381
143,1,66.86510651629072,117.35489348370928,133.75855263157894,67.6537030075188,36.013327067669174,35.88757518796992,66.86510651629072
144,1,66.8549686716792,117.39656015037593,133.1779761904762,67.63952380952381,36.068966165413535,36.00691729323308,66.8549686716792
145,1,66.9159962406015,117.26181077694235,133.29937343358395,67.67092105263158,35.975419799498745,36.203646616541356,66.9159962406015
146,1,60.76203007518797,118.1607769423559,133.08999373433585,61.74060776942356,34.192913533834584,32.25424812030075,60.76203007518797
147,1,67.11058270676692,117.28020050125313,133.34040100250627,67.85296992481203,36.01196115288221,36.09318922305764,67.11058270676692
148,1,60.61190476190476,118.41167919799499,133.01478070175438,61.599016290726816,34.279335839599,32.04251879699248,60.61190476190476
149,1,67.2017418546366,117.32986215538847,134.28214285714284,67.91558897243108,35.79629072681704,35.90381578947368,67.2017418546366
150,1,60.250701754385965,118.33361528822056,133.1888784461153,61.26530701754386,34.07579573934837,31.9425313283208,60.250701754385965
151,1,66.95135338345865,117.47088972431078,134.27560776942357,67.69013157894737,35.76226817042607,35.80827067669173,66.95135338345865
152,1,56.34455513784461,112.31112155388472,126.78505639097745,59.734880952380955,36.79841478696742,33.941647869674185,56.34455513784461
153,1,66.85370927318296,116.9876879699248,134.36118421052632,67.62637844611528,35.55453634085213,35.837713032581455,66.85370927318296
154,1,67.01369674185463,117.37165413533835,134.61531954887218,67.8193984962406,35.896848370927316,35.80442355889724,67.01369674185463
155,1,67.02182330827068,117.54691729323308,134.71932330827067,67.79374060150376,35.86953634085213,35.63134085213033,67.02182330827068
156,1,66.94588972431077,117.55573308270677,133.78722431077693,67.6419611528822,35.824642857142855,35.707700501253136,66.94588972431077
157,1,66.67817042606517,117.19888471177944,134.20696741854636,67.44332080200502,35.50841478696742,35.704248120300754,66.67817042606517
158,1,67.07149122807017,117.50588345864662,134.47659147869675,67.76717418546366,35.67530701754386,35.64295112781955,67.07149122807017
159,1,61.04557644110276,118.41860275689223,133.76326441102756,62.05858395989975,34.263771929824564,32.1497619047619,61.04557644110276
160,1,67.47351503759398,117.69164160401003,134.60868421052632,68.16785087719298,35.953552631578944,35.72456140350877,67.47351503759398
161,1,61.302399749373436,118.85453007518797,133.54035714285715,62.18662280701754,34.42384711779449,32.17348997493735,61.302399749373436
162,1,67.47179824561404,117.97666666666667,135.0260902255639,68.1889724310777,36.09757518796992,35.64387844611529,67.47179824561404
163,1,60.897844611528825,118.62916666666666,133.77818295739348,61.82898496240602,34.180870927318296,31.903596491228072,60.897844611528825
164,1,67.09580200501253,117.46586466165414,134.11415413533834,67.84619047619047,35.8521679197995,35.73478070175439,67.09580200501253
165,1,60.47229323308271,118.16399122807017,133.3896679197995,61.45752506265664,33.94748120300752,31.904924812030075,60.47229323308271
166,1,67.29709273182958,117.06892230576442,134.27017543859648,68.07001879699249,35.63684837092732,35.91412280701754,67.29709273182958
167,1,67.44627819548872,117.09669172932331,134.86481829573935,68.19255012531329,35.65154135338346,36.07124686716792,67.44627819548872
168,1,66.66416666666667,116.92575187969925,134.27771929824561,67.46519423558897,35.52789473684211,35.89501253132832,66.66416666666667
169,1,67.43100250626567,117.37040726817042,134.78973684210527,68.19055764411027,35.869335839598996,35.90292606516291,67.43100250626567
170,1,67.14311403508772,117.36869674185463,133.33191102756894,67.91478070175438,36.045726817042606,36.09175438596491,67.14311403508772
171,1,67.68632205513785,117.61115288220552,135.2200501253133,68.4029260651629,35.82215538847118,35.92692355889724,67.68632205513785
172,1,67.66918546365915,117.52181077694236,135.08263157894737,68.44978696741855,36.0452380952381,35.875701754385965,67.66918546365915
173,1,67.52420426065163,117.66747493734336,134.55548245614034,68.26419172932331,36.06093984962406,35.869636591478695,67.52420426065163
174,1,68.04275689223057,117.68239348370928,134.93994360902255,68.75434837092732,36.1181954887218,35.92703007518797,68.04275689223057
175,1,67.80918546365915,117.78040100250627,134.6042418546366,68.5429260651629,36.26041353383459,36.05899749373434,67.80918546365915
176,1,61.42612155388471,118.62031328320802,134.06647869674185,62.33242481203008,34.3119298245614,32.11929824561403,61.42612155388471
177,1,67.40718045112781,117.58735588972431,134.44603383458647,68.1092418546366,36.005557644110276,35.765401002506266,67.40718045112781
178,1,61.04185463659148,118.58486842105263,133.58070175438596,61.99526315789473,34.238540100250624,32.06419799498747,61.04185463659148
179,1,66.92860275689223,117.50791979949875,135.44037593984962,67.69518796992482,35.56726817042607,35.48342105263158,66.92860275689223
180,1,60.48365288220551,118.37636591478697,134.26169799498746,61.44435463659148,33.78851503759398,31.640106516290725,60.48365288220551
181,1,67.2152694235589,117.39828320802005,135.1431140350877,67.9720112781955,35.68990601503759,35.658728070175435,67.2152694235589
182,1,67.88832080200501,117.97089598997493,136.37461779448623,68.55829573934837,35.79795112781955,35.4743045112782,67.88832080200501
183,1,67.51302631578947,117.11955513784461,135.51384085213033,68.2466917293233,35.51116541353383,35.85269423558897,67.51302631578947
184,1,68.18278822055137,118.01730576441103,136.03910401002506,68.84701754385965,35.999906015037595,35.518565162907265,68.18278822055137
185,1,67.62343984962406,117.85582080200501,135.0717418546366,68.34492481203007,36.024743107769424,35.62046365914787,67.62343984962406
186,1,67.26858395989974,116.97953634085214,134.54377819548873,68.07937343358395,35.66976817042607,35.809949874686716,67.26858395989974
187,1,68.13917293233082,117.91058270676692,135.8317230576441,68.83932957393483,36.08951754385965,35.59037593984962,68.13917293233082
188,1,67.79946741854637,117.89422932330827,136.02681077694237,68.48699874686717,35.83756892230576,35.53654761904762,67.79946741854637
189,1,61.250921052631575,118.85617794486215,133.6047305764411,62.200087719298246,34.50389724310777,32.081535087719296,61.250921052631575
190,1,67.68337719298246,117.925156641604,137.14151002506264,68.39049498746867,35.54950501253133,35.11643483709273,67.68337719298246
191,1,61.02328947368421,118.78746867167919,136.18586466165414,61.93029448621554,33.57562030075188,31.35766290726817,61.02328947368421
192,1,67.3465037593985,118.01210526315789,137.67497493734336,68.0110776942356,35.11035714285714,34.82294486215539,67.3465037593985
193,1,60.60251253132832,118.40482456140352,136.41211779448622,61.51124060150376,33.24740601503759,31.34267543859649,60.60251253132832
194,1,67.45340852130326,117.72788220551378,138.4573120300752,68.11914160401003,34.868339598997494,35.003239348370926,67.45340852130326
195,1,60.57418546365915,118.72818295739349,136.40388471177945,61.47053258145363,33.343339598997495,31.002368421052633,60.57418546365915
196,1,67.01865288220552,117.09731203007519,137.2510776942356,67.74720551378446,34.631378446115285,35.23979949874687,67.01865288220552
197,1,67.15017543859649,117.52223684210526,137.97247493734335,67.87018170426065,34.77418546365915,34.81652882205514,67.15017543859649
198,1,67.16504385964912,117.47720551378445,138.13738095238097,67.80537593984963,34.575438596491225,34.819880952380956,67.16504385964912
199,1,67.0371052631579,117.16674812030075,138.1942230576441,67.76606516290727,34.61030701754386,34.91318295739348,67.0371052631579
200,1,67.1373746867168,117.88654761904762,138.7863157894737,67.76877819548872,34.59234335839599,34.580432330827065,67.1373746867168
201,1,66.54378446115288,117.57823934837093,137.95001879699248,67.2421992481203,34.46862781954887,34.46886591478697,66.54378446115288
202,1,66.53234335839599,117.49705513784461,138.27401002506267,67.18955513784461,34.19388471177945,34.633859649122805,66.53234335839599
203,1,66.57348997493735,117.61229949874686,139.01157894736843,67.25444235588972,34.21124060150376,34.446002506265664,66.57348997493735
204,1,66.811835839599,117.30116541353384,138.87654135338346,67.4787030075188,34.18434837092732,34.67232456140351,66.811835839599
205,1,67.33127192982457,117.72392857142857,139.09700501253133,67.97086466165413,34.50374060150376,34.47436090225564,67.33127192982457
206,1,60.55020050125313,118.25268170426065,137.97771303258145,61.39149122807017,32.491547619047616,30.955814536340853,60.55020050125313
207,1,66.84615288220552,117.70195488721805,139.09550751879698,67.50567669172932,34.22319548872181,34.428778195488725,66.84615288220552
208,1,60.29088345864662,118.5090350877193,137.54838972431077,61.15362155388471,32.64635964912281,30.719931077694234,60.29088345864662
209,1,67.049492481203,117.79754385964912,139.1575187969925,67.66800125313283,34.314003759398496,34.32041353383459,67.049492481203
210,1,60.00595238095238,118.61193609022557,137.6996365914787,60.832092731829576,32.434147869674185,30.6002694235589,60.00595238095238
211,1,66.7772932330827,117.35364661654135,139.76094611528822,67.42954260651629,34.05775689223058,34.47984962406015,66.7772932330827
212,1,59.8618671679198,119.04230576441103,138.7047305764411,60.70547619047619,32.33920426065163,30.12565162907268,59.8618671679198
213,1,66.40794486215539,116.9153947368421,139.53855263157894,67.08674812030075,33.659028822055134,34.47775062656642,66.40794486215539
214,1,66.88461152882205,117.99055137844611,139.6572493734336,67.53086466165414,34.32156015037594,34.0719298245614,66.88461152882205
215,1,66.83045739348371,117.77602130325815,139.0845426065163,67.4890350877193,34.33449248120301,34.23825187969925,66.83045739348371
216,1,254.99645989974937,124.12224310776942,12.36687343358396,255.0,247.84119047619046,246.85,254.99645989974937
217,1,67.18058270676691,117.9023872180451,139.76641604010024,67.77972431077694,34.302612781954885,34.20798872180451,67.18058270676691
218,1,67.22348370927318,117.88803258145363,140.68227443609024,67.84668546365914,34.17172305764411,34.20125313283208,67.22348370927318
219,1,66.93894736842105,117.7556015037594,139.94879072681704,67.56261278195488,34.11568295739348,34.17145363408521,66.93894736842105
220,1,67.03607769423559,118.00751253132832,140.05989974937344,67.67339598997494,34.30451127819549,34.167086466165415,67.03607769423559
221,1,60.328690476190474,118.74639097744361,138.88550125313284,61.138966165413535,32.336936090225564,30.569110275689223,60.328690476190474
222,1,66.60040100250626,117.50070802005013,139.35481829573934,67.24519423558897,33.97058270676692,34.324473684210524,66.60040100250626
223,1,60.05962406015038,118.620664160401,138.2381203007519,60.8853007518797,32.40589598997494,30.571760651629074,60.05962406015038
224,1,66.9003320802005,117.88260025062657,140.14120300751878,67.5453320802005,34.16529448621554,34.0566604010025,66.9003320802005
225,1,60.640977443609025,118.61416666666666,138.6488596491228,61.50402882205514,32.54902255639098,30.60857769423559,60.640977443609025
226,1,66.88788847117794,117.3568984962406,139.38609649122807,67.59477443609022,34.148533834586466,34.54917919799499,66.88788847117794
227,1,60.44505012531328,119.06727443609023,138.13001253132833,61.254617794486215,32.70572055137845,30.552763157894738,60.44505012531328
228,1,66.94554511278196,117.335,139.83850250626566,67.59015037593986,33.995413533834586,34.2633709273183,66.94554511278196
229,1,58.94438596491228,118.49763784461153,137.84833333333333,59.824974937343356,32.06790100250627,30.03887218045113,58.94438596491228
230,1,66.81592105263158,117.94834586466166,140.50625939849624,67.42129072681705,33.854805764411026,33.85733709273183,66.81592105263158
231,1,66.53233709273184,117.31671679197996,140.34937343358396,67.16570802005012,33.55834586466165,34.283953634085215,66.53233709273184
232,1,66.76979949874686,117.66260651629072,140.84929824561402,67.40012531328321,33.7440977443609,33.94185463659148,66.76979949874686
233,1,66.69214285714285,117.79333333333334,140.6158082706767,67.31536967418546,33.77838972431078,33.914605263157895,66.69214285714285
234,1,66.65028195488722,117.54813909774435,140.40369674185465,67.33646616541354,33.78724310776942,34.002825814536344,66.65028195488722
235,1,66.7777694235589,117.45477443609022,140.60661027568923,67.43543859649122,33.67269423558897,34.142631578947366,66.7777694235589
236,1,66.61456766917293,117.64934210526316,140.4793170426065,67.2781954887218,33.80075814536341,34.000482456140354,66.61456766917293
237,1,66.6114411027569,117.56152882205514,140.6115664160401,67.20160401002506,33.44474937343358,34.01844611528822,66.6114411027569
238,1,60.70033834586466,118.84463032581453,139.12782581453635,61.4621992481203,32.32435463659148,30.454317042606515,60.70033834586466
239,1,66.78132205513785,117.98662280701754,140.4216478696742,67.3664097744361,33.78365914786968,33.94538220551379,66.78132205513785
240,1,60.60363408521303,118.9408709273183,140.02580200501254,61.357092731829574,32.27872180451128,30.22672305764411,60.60363408521303
241,1,66.9354761904762,117.6524060150376,141.25932330827067,67.5331015037594,33.61471177944862,33.86322055137845,66.9354761904762
242,1,60.42291979949875,118.93974310776942,139.93609649122806,61.21426691729323,32.10649749373434,30.06364661654135,60.42291979949875
243,1,67.25748120300752,118.16241854636591,141.1460902255639,67.80274436090225,33.867105263157896,33.808051378446116,67.25748120300752
244,1,59.997424812030076,118.76191102756893,139.4913596491228,60.840989974937344,32.052449874686715,30.268671679197993,59.997424812030076
245,1,67.16286967418546,118.1606328320802,141.8215162907268,67.73531954887218,33.78661654135338,33.910438596491225,67.16286967418546
246,1,60.24176065162907,118.92422305764411,139.16565789473685,61.07151629072682,32.21474310776942,30.115921052631577,60.24176065162907
247,1,67.16541353383458,118.03476190476191,141.73342105263157,67.75703634085212,33.76830200501253,33.780419799498745,67.16541353383458
248,1,67.4985275689223,118.29528822055138,142.46720551378445,68.0327694235589,33.642600250626565,33.63332706766917,67.4985275689223
249,1,66.9840664160401,117.81191729323308,142.18600877192983,67.58014411027568,33.40584586466166,33.69489348370927,66.9840664160401
250,1,66.89620927318296,117.79863408521304,142.20145989974938,67.51651002506266,33.54254385964912,33.673339598997494,66.89620927318296
251,1,67.00201754385965,117.99962406015038,141.96834586466164,67.56312030075188,33.52255639097744,33.785964912280704,67.00201754385965
252,1,67.11221177944863,117.56598370927318,141.35073308270677,67.73615288220552,33.61036967418546,33.99776315789474,67.11221177944863
253,1,67.17730576441103,117.85964285714286,140.97354636591479,67.83099624060151,33.911322055137845,33.94266290726817,67.17730576441103
254,1,66.86211152882206,117.45606516290727,140.7268984962406,67.47108395989974,33.63028822055138,34.122236842105266,66.86211152882206
255,1,67.58345238095238,118.23451754385965,141.9651754385965,68.21630325814536,34.11225563909775,33.79661654135338,67.58345238095238
256,1,66.98679824561404,118.10530701754386,141.03078947368422,67.60494987468671,33.861804511278194,33.73075187969925,66.98679824561404
257,1,60.38296365914787,118.73318922305765,140.5022305764411,61.15353383458647,31.915100250626566,30.151447368421053,60.38296365914787
258,1,67.04102130325815,118.15299498746867,141.50178571428572,67.63303884711779,33.787725563909774,33.72601503759398,67.04102130325815
259,1,60.13543859649123,118.46171679197995,140.3984837092732,60.950532581453636,31.837882205513786,30.185814536340853,60.13543859649123
260,1,66.56803258145364,117.53866541353383,141.57143483709274,67.1850939849624,33.30204260651629,33.769003759398494,66.56803258145364
261,1,60.692449874686716,119.11268170426065,141.45493107769423,61.42808897243108,32.05028195488722,29.850864661654136,60.692449874686716
262,1,67.24426065162908,118.04432330827068,142.59001879699247,67.80107142857143,33.527857142857144,33.601171679197996,67.24426065162908
263,1,60.50645989974937,118.57000626566416,140.675,61.297130325814535,31.773784461152882,30.15610275689223,60.50645989974937
264,1,66.90724937343359,117.7154761904762,142.1131829573935,67.505156641604,33.40016917293233,33.746340852130324,66.90724937343359
265,1,60.21239974937343,118.72013157894737,140.97662280701755,60.99434837092732,31.74687969924812,29.964442355889723,60.21239974937343
266,1,67.17107769423559,117.94969298245614,141.64491228070176,67.75121553884712,33.55432957393484,33.73735588972431,67.17107769423559
267,1,67.1906328320802,118.12380952380953,141.9703320802005,67.77629072681704,33.727324561403506,33.63023182957394,67.1906328320802
268,1,67.02577694235589,118.01544486215539,141.20533834586467,67.60045739348371,33.77667919799499,33.82137844611529,67.02577694235589
269,1,67.18590225563909,117.71687969924812,141.8280513784461,67.7924373433584,33.55315789473684,33.86811403508772,67.18590225563909
270,1,67.40832706766918,117.83303258145364,141.66035087719297,67.98114661654135,33.71416040100251,33.93468045112782,67.40832706766918
271,1,67.44007518796992,118.09769423558897,141.36976817042606,68.02265664160402,33.83484335839599,33.921798245614035,67.44007518796992
272,1,67.39763784461152,118.07315789473684,142.27291353383458,67.97790100250627,33.67495614035088,33.73514411027569,67.39763784461152
273,1,66.63290100250626,117.44851503759398,141.70660401002507,67.2546679197995,33.21140350877193,33.87925438596491,66.63290100250626
274,1,67.26409147869674,118.04399749373434,142.63733082706767,67.84229949874687,33.44234962406015,33.740413533834584,67.26409147869674
275,1,67.04491228070175,117.92156015037594,142.06688596491227,67.64682330827068,33.439555137844614,33.67983709273183,67.04491228070175
276,1,61.058020050125315,119.23604010025063,139.85098370927318,61.80513784461153,32.405839598997495,30.20470551378446,61.058020050125315
277,1,67.61730576441103,118.04986215538847,142.0729260651629,68.18634085213033,33.8303634085213,33.90703007518797,67.61730576441103
278,1,60.67418546365915,118.60966165413534,140.31212406015038,61.458803258145366,31.96246240601504,30.207907268170427,60.67418546365915
279,1,67.14026315789474,117.8905701754386,142.3306203007519,67.7279573934837,33.41691102756892,33.76409147869674,67.14026315789474
280,1,60.49597744360902,118.90209273182957,140.41979949874687,61.23494987468672,31.913383458646617,30.157537593984962,60.49597744360902
281,1,67.49192355889724,118.21960526315789,142.71171052631578,68.02940476190476,33.57734962406015,33.538715538847114,67.49192355889724
282,1,60.33124060150376,118.68082080200502,140.88239348370928,61.15979323308271,31.846503759398495,29.968640350877195,60.33124060150376
283,1,67.17359649122807,117.78528195488722,143.02400375939848,67.75393483709273,33.23078947368421,33.72513784461153,67.17359649122807
284,1,59.89507518796992,118.60470551378447,140.75263784461154,60.72262531328321,31.71501879699248,29.984041353383457,59.89507518796992
285,1,67.38109649122806,117.87544486215539,143.2393859649123,67.96221177944862,33.3271052631579,33.62390350877193,67.38109649122806
286,1,67.34810776942356,118.0995426065163,143.19328947368422,67.99339598997494,33.561497493734336,33.48948621553885,67.34810776942356
287,1,67.73796992481203,118.06948621553884,143.26243107769423,68.28260651629073,33.462575187969925,33.63624686716792,67.73796992481203
288,1,67.22658521303258,117.50516917293233,142.93928571428572,67.84163533834587,33.11400375939849,33.79766290726817,67.22658521303258
289,1,66.98302005012532,117.41224937343358,143.0522117794486,67.57248746867168,33.00951127819549,33.767875939849624,66.98302005012532
290,1,67.43920426065164,118.07426691729323,143.0940037593985,68.01630952380953,33.42079573934837,33.44296992481203,67.43920426065164
291,1,66.7306954887218,117.73483082706767,142.1622619047619,67.32055137844611,33.10236842105263,33.61218671679198,66.7306954887218
292,1,66.9955388471178,117.81642857142857,143.14785714285713,67.59043233082707,33.11971177944862,33.43967418546366,66.9955388471178
293,1,67.70100877192982,118.01729949874687,141.56756892230575,68.27367167919799,34.02543859649123,33.95668546365915,67.70100877192982
294,1,67.6888909774436,118.00568295739349,141.11322055137845,68.3074686716792,34.01736215538847,34.227380952380955,67.6888909774436
295,1,61.47295112781955,119.0117543859649,139.83770050125312,62.190025062656645,32.59530701754386,30.717750626566417,61.47295112781955
296,1,67.75802631578948,117.67670426065163,141.2577067669173,68.34881578947369,33.945758145363406,34.339636591478694,67.75802631578948
297,1,61.45075814536341,119.17215538847118,139.4343984962406,62.23340852130326,32.89464912280702,30.701472431077693,61.45075814536341
298,1,67.7149373433584,117.91117167919799,139.85866541353383,68.3429761904762,34.47111528822055,34.501422305764414,67.7149373433584
299,1,61.36301378446115,118.44711152882205,139.04822055137845,62.20206766917293,32.66673558897243,31.025908521303258,61.36301378446115
300,1,67.93152255639097,118.0664536340852,143.1603822055138,68.52746240601503,33.52239348370927,33.793377192982454,67.93152255639097
301,1,60.80392857142857,118.92793233082706,141.64406015037594,61.54924185463659,31.820213032581453,30.040701754385964,60.80392857142857
302,1,67.51280701754386,118.30941729323308,143.58243107769422,68.05655388471178,33.32093984962406,33.39553884711779,67.51280701754386
303,1,59.90002506265664,118.61651002506265,141.21905388471177,60.727462406015036,31.523345864661653,29.732919799498745,59.90002506265664
304,1,67.27508145363409,117.77142230576442,143.6942230576441,67.79174812030075,32.98329573934837,33.58639097744361,67.27508145363409
305,1,67.81488095238095,118.16079573934837,144.07830200501252,68.35043859649123,33.21689223057644,33.51521303258146,67.81488095238095
306,1,67.69098370927318,118.24054511278196,144.28574561403508,68.23750626566417,33.250701754385965,33.340382205513784,67.69098370927318
307,1,67.95005012531328,118.23228696741855,144.66219298245613,68.48525689223058,33.31511904761905,33.27247493734336,67.95005012531328
308,1,67.62788847117794,117.9036090225564,143.68416040100252,68.19105263157894,33.24077694235589,33.57919799498747,67.62788847117794
309,1,67.71763157894736,117.93325814536341,143.8087656641604,68.27340852130325,33.28504385964912,33.55293233082707,67.71763157894736
310,1,67.65544486215539,117.97969298245614,144.33733709273184,68.21540726817042,33.20046365914787,33.381685463659146,67.65544486215539
311,1,67.97742481203008,118.34712406015038,144.63338972431077,68.47781328320802,33.23702380952381,33.313063909774435,67.97742481203008
312,1,67.9256954887218,118.33048245614034,144.51252506265664,68.4678320802005,33.350971177944864,33.43748746867168,67.9256954887218
313,1,67.9010275689223,118.10045112781955,144.30046992481203,68.44174812030076,33.24501253132832,33.402111528822054,67.9010275689223
314,1,61.142907268170426,119.12998120300752,141.87856516290728,61.89197994987469,31.995062656641604,30.00329573934837,61.142907268170426
315,1,68.05438596491229,118.34007518796993,144.82477443609022,68.63151629072682,33.36618421052631,33.360093984962404,68.05438596491229
316,1,61.39936090225564,119.30618421052631,143.42780701754387,62.08720551378446,31.785889724310778,29.620388471177947,61.39936090225564
317,1,67.73070175438596,118.24577067669173,144.84577694235588,68.27362781954888,33.24103383458647,33.31131578947368,67.73070175438596
318,1,61.51744360902256,119.23892857142857,143.29119674185463,62.212857142857146,31.72249373433584,29.842412280701755,61.51744360902256
319,1,68.1217418546366,118.17308897243107,144.95197368421051,68.66607769423558,33.22842105263158,33.42639724310777,68.1217418546366
320,1,61.07406015037594,119.05850877192982,142.351171679198,61.79477443609022,31.698045112781955,29.758872180451128,61.07406015037594
321,1,68.07923558897244,118.28203634085213,144.31555764411027,68.57434837092732,33.21118421052632,33.36869047619047,68.07923558897244
322,1,60.44766290726817,118.96733082706767,143.06914160401,61.15263157894737,31.238508771929826,29.48937343358396,60.44766290726817
323,1,67.52981829573935,117.94218671679198,144.96041979949874,68.0929761904762,32.86857769423559,33.31263157894737,67.52981829573935
324,1,60.72519423558897,119.65188596491228,143.608164160401,61.41583333333333,31.58390350877193,29.23295739348371,60.72519423558897
325,1,68.54579573934836,118.66820802005013,145.56803258145362,69.0461090225564,33.42013784461153,33.05078947368421,68.54579573934836
326,1,68.51288847117794,118.42387218045113,146.64021929824563,69.0052380952381,33.0689724310777,32.9290664160401,68.51288847117794
327,1,67.62494987468672,117.93770676691729,144.89606516290726,68.16559523809524,32.82062656641604,33.390281954887215,67.62494987468672
328,1,68.08115288220552,117.884335839599,145.8576441102757,68.62342731829574,32.831729323308274,33.43022556390977,68.08115288220552
329,1,67.57971804511278,117.81995614035088,144.4415789473684,68.12611528822055,32.89701754385965,33.41558270676692,67.57971804511278
330,1,67.90169799498747,118.05088345864662,144.70835839598996,68.43050125313283,33.10998120300752,33.32156015037594,67.90169799498747
331,1,68.14407894736843,118.10902255639098,145.2225187969925,68.67925438596491,33.04237468671679,33.29204260651629,68.14407894736843
332,1,67.88418546365915,118.24700501253133,145.58098997493735,68.40491854636592,32.82402255639098,33.22347117794486,67.88418546365915
333,1,67.99474937343358,117.94377192982456,145.6446052631579,68.47923558897243,32.824003759398494,33.49214285714286,67.99474937343358
334,1,68.40976817042606,118.00770050125313,146.46138471177946,68.93944862155388,32.81154135338346,33.218671679197996,68.40976817042606
335,1,61.25547619047619,118.9238909774436,143.7447807017544,61.93385964912281,31.34282581453634,29.800369674185465,61.25547619047619
336,1,68.1899373433584,118.39125313283208,146.25987468671678,68.69995614035088,32.842562656641604,33.126453634085216,68.1899373433584
337,1,61.27208646616541,119.01227443609022,143.93796992481202,61.947600250626564,31.245864661654135,29.819949874686717,61.27208646616541
338,1,68.60970551378446,118.30520050125314,146.54796365914788,69.10644110275689,32.900852130325816,33.224812030075185,68.60970551378446
339,1,61.10633458646617,118.52625313283208,143.88922932330826,61.8421992481203,31.19953007518797,29.80329573934837,61.10633458646617
340,1,68.6928947368421,118.28429197994987,147.00677944862156,69.16676065162908,32.82448621553885,33.20186090225564,68.6928947368421
341,1,61.21703634085213,118.77059523809524,144.41454260651628,61.86640350877193,31.006221804511277,29.673872180451127,61.21703634085213
342,1,68.48107142857143,118.21020050125313,146.4222305764411,68.9786403508772,32.7516290726817,33.29828947368421,68.48107142857143
343,1,61.60171052631579,119.39652255639098,144.8581140350877,62.21730576441103,31.276021303258144,29.413934837092732,61.60171052631579
344,1,68.5272305764411,117.88260025062657,147.18530701754386,69.01692355889725,32.414962406015036,33.381303258145365,68.5272305764411
345,1,60.69857142857143,118.90402882205514,144.78848370927318,61.40687969924812,30.85502506265664,29.311785714285715,60.69857142857143
346,1,69.0422305764411,118.48318295739348,147.89364661654136,69.4740977443609,32.66939223057644,33.12296365914787,69.0422305764411
347,1,68.75791353383458,117.90535087719299,147.06038847117796,69.24256892230576,32.491046365914784,33.427393483709274,68.75791353383458
348,1,68.71005639097744,118.13721177944862,147.2979761904762,69.1881954887218,32.5228320802005,33.238496240601506,68.71005639097744
349,1,68.92944235588972,118.2521365914787,147.36538220551378,69.42229323308271,32.73614035087719,33.140426065162906,68.92944235588972
350,1,68.57159147869675,117.74860275689223,147.4294799498747,69.08127192982457,32.40187969924812,33.31893483709273,68.57159147869675
351,1,68.64823934837092,117.65802005012532,148.257656641604,69.16203634085213,32.06627192982456,33.3584335839599,68.64823934837092
352,1,69.86632205513784,118.52606516290727,149.0034962406015,70.3190037593985,32.8234335839599,33.08223684210526,69.86632205513784
353,1,69.04829573934838,117.818164160401,147.00954887218046,69.54744360902255,32.5725,33.56134085213033,69.04829573934838
354,1,69.50866541353383,117.96956140350878,148.39217418546366,69.96513157894736,32.399085213032585,33.51186090225564,69.50866541353383
355,1,69.65345864661654,117.9875313283208,149.03950501253132,70.10627819548873,32.37627819548872,33.32744360902256,69.65345864661654
356,1,69.55872807017543,117.98011904761904,148.88990601503758,70.01855263157894,32.265206766917295,33.48651002506266,69.55872807017543
357,1,69.5676754385965,117.7678007518797,148.86486215538847,69.98469924812031,32.14919799498747,33.623308270676695,69.5676754385965
358,1,62.377694235588976,118.82646616541354,146.25615288220553,62.97884711779449,30.970401002506264,29.860827067669174,62.377694235588976
359,1,69.90448621553885,117.69461779448622,149.2919611528822,70.35706140350877,32.26595238095238,33.687080200501256,69.90448621553885
360,1,62.36669172932331,118.76152882205514,146.20902255639098,62.967092731829574,30.835275689223057,29.962318295739347,62.36669172932331
361,1,70.26549498746867,117.88107142857143,149.34182330827068,70.73125939849623,32.52682330827068,33.510294486215535,70.26549498746867
362,1,63.12555764411027,119.17006892230576,147.5029448621554,63.66437343358396,30.940588972431076,29.844279448621553,63.12555764411027
363,1,70.35196741854637,118.13911654135339,150.25991854636592,70.79951127819548,32.40144110275689,33.4055701754386,70.35196741854637
364,1,62.38203634085213,118.47052005012532,146.44165413533835,63.03340852130326,30.70270676691729,30.065664160401003,62.38203634085213
365,1,70.14709273182957,118.08689223057644,150.8362030075188,70.53721804511278,32.01369674185464,33.2487656641604,70.14709273182957
366,1,62.64040726817043,118.65299498746867,147.7725939849624,63.23028822055138,30.517788220551378,29.7340350877193,62.64040726817043
367,1,70.91052005012531,118.01290726817042,151.1847493734336,71.33906015037594,32.22076441102757,33.45297619047619,70.91052005012531
368,1,62.926629072681706,118.68053884711779,148.15581453634084,63.48790100250626,30.569642857142856,29.803245614035088,62.926629072681706
369,1,71.32167919799498,117.87792606516291,152.26199874686716,71.72359022556391,31.93657268170426,33.448189223057646,71.32167919799498
370,1,62.93832080200501,118.83093984962406,148.4296240601504,63.50542606516291,30.441948621553884,29.878333333333334,62.93832080200501
371,1,71.31862781954887,117.75119047619047,152.0403007518797,71.71194235588972,31.90065789473684,33.723239348370925,71.31862781954887
372,1,71.83992481203008,117.73656015037594,152.8200501253133,72.25941102756892,31.938339598997494,33.54463032581454,71.83992481203008
373,1,71.98150375939849,117.76752506265665,154.010156641604,72.33733709273183,31.645582706766916,33.7249373433584,71.98150375939849
374,1,72.251328320802,117.9988596491228,153.3564223057644,72.6172932330827,31.91699874686717,33.588095238095235,72.251328320802
375,1,72.49426065162908,117.87823308270677,153.2431954887218,72.8770739348371,32.01444862155388,33.829855889724314,72.49426065162908
376,1,72.74532581453634,117.82500626566416,153.9594486215539,73.12977443609023,31.90266917293233,33.75295112781955,72.74532581453634
377,1,73.11603383458646,117.97640350877192,153.97911027568924,73.46201754385964,31.97469298245614,33.821447368421055,73.11603383458646
378,1,73.34625939849624,118.31681704260652,154.40747493734335,73.69550751879699,32.25479949874687,33.70904761904762,73.34625939849624
379,1,73.23029448621554,118.06288220551379,155.617343358396,73.58979949874687,31.684799498746866,33.55517543859649,73.23029448621554
380,1,73.57823308270677,117.83850877192982,155.44456140350877,73.89983709273183,31.694962406015037,33.876027568922304,73.57823308270677
381,1,74.1992731829574,118.07793859649122,155.99983709273184,74.52238095238096,31.8665350877193,33.8453320802005,74.1992731829574
382,1,74.21078947368422,117.84901002506265,156.64583333333334,74.53436090225564,31.61672305764411,33.915845864661655,74.21078947368422
383,1,74.48144110275689,118.0546052631579,156.25852756892232,74.78542606516291,31.734511278195487,33.9400313283208,74.48144110275689
384,1,75.02575814536341,117.64308270676692,157.23177944862155,75.37474937343359,31.56747493734336,34.236672932330826,75.02575814536341
385,1,74.9852694235589,117.5675,156.36616541353382,75.32251879699248,31.7040664160401,34.60362781954887,74.9852694235589
386,1,75.8269298245614,117.72971177944862,157.41703007518797,76.13790100250627,31.76795739348371,34.380526315789474,75.8269298245614
387,1,76.06113408521303,117.72759398496241,157.4804260651629,76.37532581453634,31.836008771929823,34.57598997493734,76.06113408521303
388,1,76.74334586466165,117.9291604010025,158.2646177944862,77.06540726817043,31.91291979949875,34.60655388471178,76.74334586466165
389,1,67.85723684210527,118.51597744360902,154.82472431077693,68.29184210526316,30.18267543859649,30.795244360902256,67.85723684210527
390,1,77.26462406015038,117.73357142857142,159.57921679197995,77.5315664160401,31.578997493734335,34.64167919799499,77.26462406015038
391,1,68.59618421052632,118.5495426065163,155.63553258145365,69.01394736842106,30.330996240601504,30.92981829573935,68.59618421052632
392,1,78.54991228070176,117.75848997493735,160.34865914786968,78.82006265664161,31.73483082706767,34.9844298245614,78.54991228070176
393,1,69.84784461152883,119.11117794486215,157.3882894736842,70.22837719298245,30.65452380952381,30.67847117794486,69.84784461152883
394,1,79.51164786967419,117.81314536340852,161.1222807017544,79.80284461152883,31.78828947368421,35.14255639097745,79.51164786967419
395,1,70.1625313283208,118.49901002506266,158.14561403508773,70.49319548872181,29.897286967418545,31.124486215538848,70.1625313283208
396,1,80.55624060150376,117.77044486215539,163.28209273182958,80.81220551378446,31.38012531328321,35.22615914786967,80.55624060150376
397,1,71.19295739348371,118.76220551378447,159.23627192982457,71.56983082706768,30.32266917293233,31.019141604010024,71.19295739348371
398,1,81.90708020050126,117.6424686716792,164.35078320802006,82.16357142857143,31.505357142857143,35.40734962406015,81.90708020050126
399,1,71.9875313283208,118.75355263157894,160.3203634085213,72.30991854636592,30.18124686716792,31.18422932330827,71.9875313283208
400,1,83.04003759398496,117.58327067669173,165.83115914786967,83.29253759398496,31.295068922305763,35.62864661654135,83.04003759398496
401,1,73.12056390977443,118.9915350877193,161.75838345864662,73.47277568922306,30.300720551378447,31.293521303258146,73.12056390977443
402,1,155.79991228070176,117.76894736842105,89.5812969924812,156.00226817042608,102.88640350877193,107.29639097744361,155.79991228070176
403,1,73.86752506265664,118.39882832080201,162.55269423558897,74.1912030075188,29.903095238095236,31.595870927318295,73.86752506265664
404,1,85.62714912280701,117.37568922305765,168.13634085213033,85.8555701754386,31.087098997493733,36.248640350877196,85.62714912280701
405,1,86.57222431077695,117.43298245614035,169.73822055137845,86.80161027568923,30.97295112781955,36.19707393483709,86.57222431077695
406,1,87.28107142857142,117.15286967418547,169.9434335839599,87.49411027568922,30.840025062656643,36.694956140350875,87.28107142857142
407,1,88.91189223057644,117.54971804511278,171.38820175438596,89.08635338345864,30.99767543859649,36.51872807017544,88.91189223057644
408,1,89.3806328320802,117.46215538847117,171.46292606516292,89.57445488721804,31.039611528822054,36.798790726817046,89.3806328320802
409,1,90.90818295739348,117.65669172932331,172.86647869674186,91.07198621553884,31.052562656641605,36.865664160401,90.90818295739348
410,1,91.77664160401002,117.3218045112782,173.00343984962407,91.9493671679198,31.051121553884713,37.52854010025062,91.77664160401002
411,1,92.44324561403509,117.1562343358396,173.4284962406015,92.61235588972431,30.97218045112782,37.81125313283208,92.44324561403509
412,1,93.770664160401,117.39270050125313,174.07374060150377,93.94588972431077,31.187293233082706,37.73946115288221,93.770664160401
413,1,95.1065664160401,117.20835213032582,175.7803007518797,95.29069548872181,30.978822055137844,38.03337719298246,95.1065664160401
414,1,96.11005012531328,117.21937343358395,176.06597744360903,96.26912280701754,31.044573934837093,38.30357769423559,96.11005012531328
415,1,97.70467418546366,117.28678571428571,177.2135902255639,97.8493984962406,31.096541353383458,38.42222431077694,97.70467418546366
416,1,98.82811403508772,117.16076441102757,178.16166666666666,98.98098370927319,30.889880952380953,38.7156015037594,98.82811403508772
417,1,100.46733709273182,117.29938596491228,178.9136090225564,100.59057644110275,30.97717418546366,38.946835839599,100.46733709273182
418,1,101.7525939849624,117.21976190476191,180.09019423558897,101.88939223057645,30.878107769423558,39.23467418546366,101.7525939849624
419,1,103.38075187969925,116.99038847117795,180.91181704260651,103.5187030075188,30.68578947368421,39.712713032581455,103.38075187969925
420,1,105.34333959899749,117.1812343358396,182.66391604010025,105.47949248120301,30.69937969924812,39.75477443609022,105.34333959899749
421,1,106.25661654135338,117.07087719298245,182.6952568922306,106.39353383458646,30.70001253132832,40.25597744360902,106.25661654135338
422,1,108.27824561403509,117.0638909774436,183.53714912280702,108.41847744360902,30.858408521303257,40.54141604010025,108.27824561403509
423,1,109.57461779448622,116.93244360902256,184.57912280701754,109.71575814536341,30.674122807017543,41.05337719298246,109.57461779448622
424,1,111.47754385964912,116.68871553884712,185.33922932330827,111.60380325814536,30.431842105263158,41.46171052631579,111.47754385964912
425,1,113.21481829573935,116.87635338345865,186.5200626566416,113.32732456140351,30.44564536340852,41.8177380952381,113.21481829573935
426,1,99.79588345864661,117.62310776942356,182.47084586466164,99.93635338345865,29.15016917293233,36.6975,99.79588345864661
427,1,117.10535714285714,116.65679197994987,188.51963032581455,117.21112155388471,30.196347117794485,42.99362781954887,117.10535714285714
428,1,103.49311403508771,117.54983082706767,184.2619611528822,103.66813909774436,29.314273182957393,37.31712406015038,103.49311403508771
429,1,120.75542606516291,116.45320802005013,190.11356516290726,120.86832080200502,30.118176691729325,44.02459273182957,120.75542606516291
430,1,107.38384085213032,117.45498746867167,186.59558897243107,107.54394110275689,29.25878446115288,38.1178634085213,107.38384085213032
431,1,125.59803884711779,116.33964912280702,192.28202380952382,125.6997932330827,30.06732456140351,45.31046365914787,125.59803884711779
432,1,111.00922932330828,117.34102130325815,188.14690476190475,111.14752506265664,29.035595238095237,39.06594611528822,111.00922932330828
433,1,129.65152255639097,116.05060776942356,194.44956766917292,129.7694486215539,29.595369674185463,46.63600250626566,129.65152255639097
434,1,115.08821428571429,116.8391604010025,190.6486842105263,115.24239348370928,28.441666666666666,40.16739974937343,115.08821428571429
435,1,134.41687343358396,115.78384711779448,196.61666040100252,134.50676065162907,29.2421679197995,48.0846052631579,134.41687343358396
436,1,118.61767543859649,116.5371992481203,192.45570175438596,118.7449686716792,27.960106516290725,41.54449874686717,118.61767543859649
437,1,138.57236215538848,115.4250626566416,198.04796365914788,138.66082080200502,28.912431077694237,49.829793233082704,138.57236215538848
438,1,122.8796679197995,116.42233082706767,194.07764411027568,122.99043859649123,27.99266290726817,42.68092105263158,122.8796679197995
439,1,143.1602819548872,115.29456140350877,200.16186090225563,143.22769423558898,28.655789473684212,51.49515037593985,143.1602819548872
440,1,127.26596491228071,116.46701754385965,195.89763784461152,127.37419799498747,27.98060776942356,43.556447368421054,127.26596491228071
441,1,148.45478070175437,115.22263157894737,201.49312030075188,148.54660401002505,28.85440476190476,53.301184210526316,148.45478070175437
442,1,130.81766917293234,116.29555137844612,197.47972431077693,130.9262969924812,27.548966165413535,44.69806390977443,130.81766917293234
443,1,153.05864661654135,114.98669799498747,203.00875313283208,153.12770050125314,28.59659147869674,55.11832706766917,153.05864661654135
444,1,155.55248746867167,114.76589598997494,203.86303258145364,155.62451127819548,28.411466165413533,56.24356516290727,155.55248746867167
445,1,157.43135338345866,114.675664160401,204.49144736842106,157.4911842105263,28.432957393483708,57.22906015037594,157.43135338345866
446,1,159.89081453634086,114.63922305764412,205.23404761904763,159.9554573934837,28.374774436090224,58.17008145363408,159.89081453634086
447,1,161.2537844611529,114.42268796992481,205.75574561403508,161.32618421052632,28.19752506265664,59.15595238095238,161.2537844611529
448,1,163.72833333333332,114.24019423558897,206.85093984962407,163.78483082706768,27.773352130325815,60.340877192982454,163.72833333333332
449,1,164.76749373433583,114.19340852130325,206.9804135338346,164.83920426065163,27.954968671679197,61.25466165413534,164.76749373433583
450,1,167.11234962406016,114.2085275689223,207.23796992481203,167.16609649122807,28.176184210526316,61.94211152882205,167.11234962406016
451,1,168.16244987468673,114.01258771929824,207.71672305764412,168.22278822055137,28.15299498746867,63.03997493734336,168.16244987468673
452,1,169.61106516290727,113.92547619047619,208.33038220551379,169.66301378446116,27.904868421052633,63.789417293233086,169.61106516290727
453,1,171.26421679197995,113.92475563909774,208.854179197995,171.29885338345863,28.027218045112782,64.62840852130326,171.26421679197995
454,1,172.59163533834587,113.65931077694236,208.93245614035087,172.64001879699248,27.952988721804513,65.60744360902255,172.59163533834587
455,1,173.53582080200502,113.59731829573934,209.21607142857144,173.5836215538847,28.09046992481203,66.68899122807018,173.53582080200502
456,1,174.8512030075188,113.49801378446115,209.86725563909775,174.89802631578948,27.967412280701755,67.32098370927318,174.8512030075188
457,1,175.82227443609023,113.36854636591478,209.73323308270676,175.8665977443609,28.20089598997494,68.19804511278195,175.82227443609023
458,1,176.82203007518797,113.40571428571428,210.17139724310778,176.8584022556391,28.247562656641605,68.6315350877193,176.82203007518797
459,1,177.85374060150377,113.31534461152883,210.3139724310777,177.8876441102757,28.461422305764412,69.53257518796993,177.85374060150377
460,1,178.4257581453634,113.24184210526316,210.6057769423559,178.45918546365914,28.380870927318295,70.04553258145363,178.4257581453634
461,1,179.00936090225565,112.96026315789474,211.00404135338346,179.05682330827068,28.100238095238094,71.09483082706767,179.00936090225565
462,1,179.9609022556391,113.13835839598997,210.56097117794485,180.00591478696742,28.73825187969925,71.19084586466165,179.9609022556391
463,1,180.51978696741855,112.87328320802006,211.3371804511278,180.5595426065163,28.274780701754388,72.29475563909774,180.51978696741855
464,1,181.33685463659148,112.83510651629072,211.2080388471178,181.37203634085213,28.444285714285716,72.8246992481203,181.33685463659148
465,1,182.12312030075188,112.76610275689222,211.42367794486216,182.15827694235588,28.507756892230578,73.53089598997494,182.12312030075188
466,1,182.32743734335838,112.66019423558897,211.64991228070176,182.3661842105263,28.526842105263157,73.9571052631579,182.32743734335838
467,1,183.42411654135338,112.66574561403509,211.67616541353382,183.44743107769423,28.65265664160401,74.45307644110275,183.42411654135338
468,1,183.39248120300752,112.58739348370928,211.54984962406016,183.41926065162906,28.81124060150376,74.94994987468672,183.39248120300752
469,1,168.15104010025064,113.74407268170427,209.78649749373434,168.19640350877194,26.816058897243106,64.25493734335839,168.15104010025064
470,1,184.2385275689223,112.40652882205514,211.89169799498748,184.27400375939848,28.799204260651628,75.93278822055137,184.2385275689223
471,1,168.81563909774437,113.66365288220551,209.40062030075188,168.86894736842106,27.191629072681703,64.98620927318295,168.81563909774437
472,1,185.85546365914786,112.38812656641603,212.17369674185463,185.88243107769424,29.140845864661653,76.72501879699249,185.85546365914786
473,1,170.08689223057644,113.68818295739348,209.97821428571427,170.14327067669174,27.329010025062658,65.42080827067669,170.08689223057644
474,1,186.52917293233082,112.27287593984963,212.21842731829574,186.56804511278196,29.244786967418545,77.54810776942355,186.52917293233082
475,1,170.64872180451127,113.4112969924812,210.3724498746867,170.70011278195489,26.95312656641604,66.12106516290727,170.64872180451127
476,1,187.3804573934837,112.12511904761905,212.66456766917292,187.40884085213034,29.08624686716792,78.26586466165413,187.3804573934837
477,1,171.11283834586467,113.36705513784462,210.37047619047618,171.15555764411027,27.176271929824562,66.77317669172932,171.11283834586467
478,1,188.09835839598998,112.02485588972431,213.02835839598998,188.13122807017544,29.06266917293233,79.05877192982456,188.09835839598998
479,1,171.84452380952382,113.23280701754386,211.39109022556391,171.89107142857142,26.736309523809524,67.21616541353383,171.84452380952382
480,1,189.0935902255639,111.89281954887218,213.46894736842106,189.12714285714284,28.939793233082707,79.59913533834586,189.0935902255639
481,1,173.35361528822054,113.39443609022557,211.51270050125314,173.39675438596493,27.167750626566416,67.42035714285714,173.35361528822054
482,1,190.27140977443608,111.92220551378446,213.77387218045112,190.28946741854637,29.106848370927317,80.26737468671679,190.27140977443608
483,1,174.24100250626566,113.26230576441102,211.51295112781955,174.28200501253133,27.337556390977443,68.15082706766917,174.24100250626566
484,1,191.43318922305764,111.89635338345865,213.6042105263158,191.45795112781954,29.49296365914787,80.75864661654136,191.43318922305764
485,1,174.63088345864662,113.16690476190476,211.75834586466166,174.6825,27.3603320802005,68.48739974937344,174.63088345864662
486,1,192.48752506265663,111.79687343358395,213.55520050125313,192.51127819548873,29.690501253132833,81.45741228070176,192.48752506265663
487,1,175.75496240601504,113.17182330827067,211.74632205513785,175.80538847117793,27.579580200501255,68.89604636591478,175.75496240601504
488,1,193.3213471177945,111.72869674185463,214.08802005012532,193.34356516290728,29.555526315789475,82.12505012531328,193.3213471177945
489,1,176.01737468671678,113.15422932330827,212.288164160401,176.05542606516292,27.34171052631579,69.06682330827067,176.01737468671678
490,1,193.8168984962406,111.63520676691729,214.34718045112783,193.84268170426066,29.395375939849625,82.55646616541354,193.8168984962406
491,1,175.99691729323308,113.01040726817043,212.48817042606515,176.0365664160401,27.017568922305763,69.17918546365915,175.99691729323308
492,1,193.93296992481203,111.53113408521303,214.3760588972431,193.9672305764411,29.418928571428573,82.94038847117794,193.93296992481203
493,1,193.87044486215538,111.5046365914787,214.19002506265664,193.8942731829574,29.479605263157893,83.16243734335839,193.87044486215538
494,1,194.14119047619047,111.54453634085213,214.1015977443609,194.16468671679198,29.675432330827068,83.13981829573935,194.14119047619047
495,1,194.3161528822055,111.57342731829574,214.02375939849625,194.3321992481203,29.669273182957394,83.14949874686717,194.3161528822055
496,1,194.68545739348372,111.55708020050125,214.47414160401001,194.69865914786968,29.477731829573933,83.31404761904761,194.68545739348372
497,1,194.61525062656642,111.49644736842106,214.5812343358396,194.63592105263157,29.473170426065163,83.53743107769424,194.61525062656642
498,1,194.9388596491228,111.4078320802005,214.59785714285715,194.9559461152882,29.346152882205512,83.88741854636592,194.9388596491228
499,1,195.460664160401,111.44028822055138,214.53989974937343,195.48642857142858,29.583145363408523,83.84913533834586,195.460664160401
500,1,195.65473684210525,111.39063909774436,214.6974373433584,195.67279448621554,29.436986215538848,84.21396616541354,195.65473684210525
501,1,195.83101503759397,111.4834335839599,214.34059523809523,195.85598997493733,29.783834586466167,84.19011904761905,195.83101503759397
502,1,196.41987468671678,111.45888471177945,214.87172932330827,196.43817669172932,29.64250626566416,84.27432330827068,196.41987468671678
503,1,196.41714285714286,111.31283834586466,214.90461152882204,196.43619674185464,29.29467418546366,84.65009398496241,196.41714285714286
504,1,196.61666666666667,111.36402882205513,214.9048120300752,196.6441917293233,29.4637656641604,84.78421679197994,196.61666666666667
505,1,196.88238721804512,111.35981203007519,214.6734962406015,196.89953634085214,29.589273182957392,84.97951754385964,196.88238721804512
506,1,197.35918546365914,111.29827067669173,214.77704887218044,197.3813596491228,29.644273182957395,85.1165664160401,197.35918546365914
507,1,197.78508771929825,111.35339598997494,214.84531328320801,197.80538847117793,29.769774436090227,85.24963032581454,197.78508771929825
508,1,198.00618421052633,111.33565789473684,214.80308270676693,198.01926065162908,29.93229949874687,85.65458646616541,198.00618421052633
509,1,198.1996679197995,111.21197994987469,214.83669172932332,198.22546365914786,29.702387218045114,86.0033709273183,198.1996679197995
510,1,198.38860275689223,111.21893483709273,214.92973684210526,198.413984962406,29.71151002506266,86.08359022556391,198.38860275689223
511,1,198.91838972431077,111.21587092731829,215.0793546365915,198.934335839599,29.754580200501252,86.10394110275689,198.91838972431077
512,1,183.25996240601503,112.68176065162908,213.58056390977444,183.29226817042607,27.756691729323308,73.03600877192983,183.25996240601503
513,1,199.40458020050124,111.21315789473684,215.17182957393484,199.42703007518796,29.769573934837094,86.4118671679198,199.40458020050124
514,1,183.56662280701755,112.688828320802,213.74174812030074,183.6092919799499,27.629862155388473,73.19678571428571,183.56662280701755
515,1,200.07092731829573,111.09310776942355,215.4661842105263,200.09755639097745,29.538032581453635,86.94951754385966,200.07092731829573
516,1,187.414335839599,112.55674812030075,209.27700501253133,187.45414160401003,31.355093984962405,77.4396992481203,187.414335839599
517,1,200.73684210526315,111.11062656641604,215.54237468671678,200.75172932330827,29.787857142857142,87.26328947368421,200.73684210526315
518,1,184.75139724310776,112.60285714285715,213.73639724310777,184.7900939849624,27.77216165413534,73.96840225563909,184.75139724310776
519,1,201.4945864661654,111.06864661654136,215.34771303258145,201.51494987468672,29.926459899749375,87.92769423558897,201.4945864661654
520,1,185.44594611528822,112.55763784461153,213.98124060150377,185.47806390977445,27.77107769423559,74.36173558897244,185.44594611528822
521,1,201.81744987468673,111.05523182957394,215.2077694235589,201.83186090225564,30.0659022556391,88.47692355889724,201.81744987468673
522,1,186.34586466165413,112.45121553884712,214.23048245614035,186.37962406015038,27.72715538847118,74.90682330827067,186.34586466165413
523,1,202.742149122807,111.00361528822056,215.4607894736842,202.753671679198,30.071347117794485,89.04603383458647,202.742149122807
524,1,187.0557581453634,112.35966165413534,214.41581453634086,187.1053195488722,27.691328320802004,75.27812030075188,187.0557581453634
525,1,203.34491228070175,110.8979260651629,215.76356516290727,203.36107769423558,29.860708020050126,89.50851503759398,203.34491228070175
526,1,187.85679197994986,112.37577694235588,214.61369047619047,187.8827694235589,27.750914786967417,75.74796992481203,187.85679197994986
527,1,204.2133709273183,110.88728696741855,215.37983709273183,204.23282581453634,30.30359022556391,90.07726817042607,204.2133709273183
528,1,188.24899122807017,112.45156015037594,214.54788847117794,188.27926691729323,27.90779448621554,75.7166917293233,188.24899122807017
529,1,204.63842105263157,110.77372180451128,215.81558270676692,204.65282581453633,30.126021303258145,90.66550751879699,204.63842105263157
530,1,188.76240601503758,112.30549498746868,214.85469298245613,188.78850877192983,27.65612781954887,76.30654135338345,188.76240601503758
531,1,205.31857142857143,110.70296992481202,216.02380952380952,205.3349686716792,29.97144110275689,91.18770050125313,205.31857142857143
532,1,189.18306390977443,112.28393483709273,214.7095112781955,189.22144736842105,27.812418546365915,76.52357769423558,189.18306390977443
533,1,206.1129448621554,110.69481829573935,215.80541353383458,206.1356954887218,30.435676691729324,91.67341478696741,206.1129448621554
534,1,206.28467418546367,110.61018796992481,215.81182330827068,206.30580200501254,30.303302005012533,92.14974937343358,206.28467418546367
535,1,206.68519423558897,110.59670426065163,215.76776315789473,206.7007456140351,30.44672305764411,92.51518796992481,206.68519423558897
536,1,206.9062969924812,110.53570802005012,216.0232769423559,206.92540100250628,30.376535087719297,92.89844611528822,206.9062969924812
537,1,207.49639724310777,110.61661027568923,215.64519423558897,207.5142230576441,30.707738095238096,92.98758771929825,207.49639724310777
538,1,207.84318295739348,110.47179824561404,215.97642857142858,207.85751879699248,30.513101503759398,93.49889724310776,207.84318295739348
539,1,207.9492105263158,110.49791353383459,215.64565789473684,207.96497493734336,30.743483709273182,93.66146616541353,207.9492105263158
540,1,208.33862781954886,110.54770050125313,215.1718671679198,208.35552631578946,31.12498746867168,93.87600877192982,208.33862781954886
541,1,208.75882205513784,110.33672305764411,215.71709273182958,208.78497493734335,30.694110275689223,94.51221804511279,208.75882205513784
542,1,209.0753007518797,110.39223057644111,215.71753759398496,209.0927506265664,30.83502506265664,94.58366541353384,209.0753007518797
543,1,209.20372180451128,110.3630701754386,215.54889097744362,209.21847117794485,30.989611528822056,94.90563909774436,209.20372180451128
544,1,209.48537593984963,110.35838345864661,215.40030701754387,209.50578947368422,31.159586466165415,95.09667293233083,209.48537593984963
545,1,209.35423558897244,110.27316416040101,215.53367794486215,209.37288847117796,30.92451127819549,95.37704260651628,209.35423558897244
546,1,209.2567731829574,110.22463032581453,215.56340852130324,209.27387218045112,30.835382205513785,95.59802005012531,209.2567731829574
547,1,209.02795112781956,110.32630952380953,215.39769423558897,209.04983082706767,30.97578320802005,95.43302631578948,209.02795112781956
548,1,208.8845238095238,110.12937969924812,215.74274436090226,208.9035776942356,30.679598997493734,95.67993734335839,208.8845238095238
549,1,208.61994360902256,110.296171679198,215.20521303258144,208.6315476190476,31.132857142857144,95.3672619047619,208.61994360902256
550,1,208.21890350877192,110.20973684210526,215.51068295739347,208.23458020050126,30.754273182957395,95.48176691729323,208.21890350877192
551,1,193.18544486215538,111.95131578947368,214.2884649122807,193.21519423558897,28.686510025062656,80.36924812030075,193.18544486215538
552,1,207.42590852130326,110.24082706766917,214.55233709273182,207.44272556390976,31.257136591478698,95.24381578947369,207.42590852130326
553,1,192.11484962406016,111.7949060150376,214.24541979949873,192.14973684210526,28.519110275689222,80.41311403508772,192.11484962406016
554,1,206.63506892230578,110.26320175438596,214.43414786967418,206.64537593984963,31.444310776942356,94.98557644110275,206.63506892230578
555,1,191.34550751879698,111.89041353383459,213.9078320802005,191.36763157894737,28.691228070175438,80.10820175438596,191.34550751879698
556,1,205.79335213032581,110.2318984962406,214.34848997493734,205.80794486215538,31.257894736842104,94.93329573934837,205.79335213032581
557,1,190.42600250626566,111.89411027568923,213.76615288220552,190.45265664160402,28.684110275689225,79.83061403508772,190.42600250626566
558,1,205.15848997493734,110.25077694235588,213.95041979949875,205.17392230576442,31.468364661654135,94.6971992481203,205.15848997493734
559,1,189.6186842105263,111.87309523809523,213.83100877192982,189.64394110275688,28.49058270676692,79.64305137844612,189.6186842105263
560,1,204.57529448621554,110.16783834586467,214.33187969924813,204.58401629072682,31.070983709273182,94.66274436090225,204.57529448621554
561,1,188.87308270676692,111.7825,213.2612343358396,188.90963032581453,28.493051378446115,79.52117167919799,188.87308270676692
562,1,204.12065162907268,110.19445488721804,213.83000626566417,204.14231829573936,31.38546365914787,94.55220551378446,204.12065162907268
563,1,188.55748746867167,112.00694235588972,212.83691102756893,188.58713032581454,29.045269423558896,79.12464912280701,188.55748746867167
564,1,203.84555137844612,110.27248120300752,213.760664160401,203.86013784461153,31.528671679197995,94.30506892230576,203.84555137844612
565,1,188.07253759398498,111.93437343358396,213.14420426065163,188.0939411027569,28.656654135338346,79.03029448621554,188.07253759398498
566,1,203.3255513784461,110.26888471177945,213.12553258145363,203.3497619047619,31.767224310776943,94.22208646616541,203.3255513784461
567,1,187.464843358396,111.95734335839599,212.70998746867167,187.49059523809524,28.806008771929825,78.82357142857143,187.464843358396
568,1,203.3107268170426,110.23763157894737,213.34773182957395,203.3296804511278,31.714342105263157,94.25864661654136,203.3107268170426
569,1,203.32513784461153,110.27161027568923,213.11624060150376,203.34330200501253,31.883502506265664,94.19193609022557,203.32513784461153
570,1,203.28163533834586,110.35595864661654,212.84998120300753,203.29472431077693,32.17156015037594,94.16241854636591,203.28163533834586
571,1,202.9165664160401,110.30505012531329,212.9489223057644,202.9361842105263,31.886353383458648,94.07989974937344,202.9165664160401
572,1,203.13073308270677,110.35458646616542,212.99620927318296,203.14453007518796,32.02359649122807,93.96350250626567,203.13073308270677
573,1,202.59179197994987,110.27282581453635,212.88255639097744,202.61383458646617,31.927456140350877,94.00377819548872,202.59179197994987
574,1,202.97113408521304,110.34633458646617,212.96263784461152,202.98907894736843,32.06075187969925,93.858164160401,202.97113408521304
575,1,202.6585275689223,110.30298245614036,212.86884085213032,202.6732894736842,32.00709273182957,93.96866541353384,202.6585275689223
576,1,202.81818922305766,110.30429824561404,212.85864661654136,202.83549498746868,32.121898496240604,94.09412280701754,202.81818922305766
577,1,202.53401002506266,110.23726190476191,213.1670238095238,202.5571553884712,31.766453634085213,93.85426691729323,202.53401002506266
578,1,203.13395989974939,110.48701127819548,212.63602756892232,203.14661027568923,32.3196992481203,93.56500626566417,203.13395989974939
579,1,202.76766290726817,110.37395989974938,213.09284461152882,202.78543233082706,31.964028822055138,93.56620927318296,202.76766290726817
580,1,187.59714912280702,111.74974310776942,212.62143483709272,187.63474937343358,28.90481829573935,79.62143483709274,187.59714912280702
581,1,202.09842105263158,110.31722431077694,212.71291979949874,202.1157894736842,31.95825814536341,93.71214912280702,202.09842105263158
582,1,187.36560776942355,111.85563909774436,212.015664160401,187.39948621553884,29.28062656641604,79.34029448621554,187.36560776942355
583,1,202.20878446115287,110.34588345864661,212.86652882205513,202.22357142857143,31.94481829573935,93.59857769423559,202.20878446115287
584,1,187.12639724310776,111.95197994987468,211.99719298245614,187.15818295739348,29.331447368421053,79.14953007518797,187.12639724310776
585,1,201.91481203007518,110.2365037593985,212.50457393483708,201.93345864661654,32.05229949874687,93.90647243107769,201.91481203007518
586,1,186.71302005012532,111.93886591478697,211.9090162907268,186.74200501253134,29.302111528822056,79.24410401002507,186.71302005012532
587,1,201.8359523809524,110.31451754385965,212.42233082706767,201.85483082706767,32.22264411027569,93.69023182957393,201.8359523809524
588,1,186.59486215538848,111.8812656641604,211.64229949874687,186.63226817042607,29.357255639097744,79.0915977443609,186.59486215538848
589,1,202.28801378446116,110.38423558897243,212.42339598997495,202.29945488721805,32.294335839599,93.6098746867168,202.28801378446116
590,1,185.6862343358396,111.95191102756893,211.89950501253134,185.72384085213034,29.09967418546366,78.18932957393484,185.6862343358396
591,1,202.19020050125314,110.26778822055138,212.94687969924811,202.21032581453633,31.867631578947368,93.82414786967419,202.19020050125314
592,1,201.79711152882206,110.2137969924812,212.74552631578948,201.81820175438597,31.873032581453636,93.93694235588973,201.79711152882206
593,1,201.7354260651629,110.24527568922306,212.47457393483708,201.7576127819549,32.02420426065163,93.84541979949874,201.7354260651629
594,1,201.4372619047619,110.21932957393484,212.63333333333333,201.45868421052631,31.999906015037595,93.96456140350877,201.4372619047619
595,1,201.82771929824563,110.26392857142856,212.4178822055138,201.84555764411027,32.16106516290727,93.8434335839599,201.82771929824563
596,1,201.68919799498747,110.31632205513785,212.22086466165413,201.70755012531328,32.422550125313286,93.81143483709273,201.68919799498747
597,1,201.9596052631579,110.33021929824561,212.55012531328322,201.98036967418545,32.13770676691729,93.7912343358396,201.9596052631579
598,1,201.759335839599,110.34370927318295,212.25214285714284,201.77448621553884,32.33945488721805,93.71062030075188,201.759335839599
599,1,201.59520050125315,110.29571428571428,212.4399686716792,201.613320802005,32.07284461152882,93.79324561403509,201.59520050125315
600,1,201.6505701754386,110.29833959899749,212.64114035087718,201.66337719298247,32.03230576441103,93.59429824561404,201.6505701754386
601,1,201.55590852130325,110.24264411027569,212.95456766917295,201.5677694235589,31.703577694235587,93.74503759398496,201.55590852130325
602,1,201.2328195488722,110.23459273182958,212.99024436090227,201.2462343358396,31.549423558897242,93.69166666666666,201.2328195488722
603,1,201.30157268170427,110.2011403508772,212.47098370927318,201.32238721804512,31.92045739348371,93.74958020050126,201.30157268170427
604,1,201.23220551378446,110.26411027568922,212.5936215538847,201.2482769423559,31.842518796992483,93.58331453634085,201.23220551378446
605,1,201.19615914786968,110.25135338345865,212.38974937343357,201.21172305764412,32.08402882205514,93.66776315789474,201.19615914786968
606,1,201.32224310776942,110.21456140350877,212.47634085213033,201.3443671679198,31.99812656641604,93.81134711779448,201.32224310776942
607,1,186.7879448621554,111.93823308270677,211.40429824561403,186.818828320802,29.633966165413533,79.28911654135338,186.7879448621554
608,1,201.33228696741855,110.2915350877193,212.51402882205514,201.34874060150375,31.964555137844613,93.48421052631579,201.33228696741855
609,1,186.25451754385966,111.92781328320802,211.39500626566416,186.28444862155388,29.578195488721803,79.09586466165413,186.25451754385966
610,1,201.22585839598997,110.30422932330828,212.33015664160402,201.24301378446114,32.107092731829574,93.4941917293233,201.22585839598997
611,1,186.16580200501252,111.94727443609023,211.4041604010025,186.1966729323308,29.47575187969925,78.99468671679197,186.16580200501252
612,1,201.2031766917293,110.31023809523809,210.9830200501253,201.21216165413534,33.28688596491228,94.13377192982456,201.2031766917293
613,1,185.6897932330827,111.895664160401,210.17196741854636,185.71835839598998,30.281785714285714,79.61555137844611,185.6897932330827
614,1,201.07795112781955,110.38491228070176,210.37852130325814,201.09591478696743,33.528164160401005,94.11357769423559,201.07795112781955
615,1,185.8606015037594,111.9227694235589,209.94634085213033,185.8928947368421,30.541522556390976,79.66959899749374,185.8606015037594
616,1,201.47526315789474,110.31203007518798,210.74008771929826,201.49405388471178,33.51799498746867,94.3162343358396,201.47526315789474
617,1,185.16609022556392,111.98179197994988,209.1850187969925,185.20217418546366,30.948997493734336,79.31275062656641,185.16609022556392
618,1,201.39768796992482,110.34553258145364,210.46243107769425,201.4193170426065,33.69315162907268,94.30081453634085,201.39768796992482
619,1,184.91073934837092,112.000664160401,209.56471804511278,184.94347117794487,30.590200501253133,79.01001253132831,184.91073934837092
620,1,201.2827192982456,110.34345238095239,210.6991917293233,201.29986215538847,33.53716165413534,94.29052631578948,201.2827192982456
621,1,200.91257518796994,110.32009398496241,210.28997493734335,200.92639724310777,33.64198621553885,94.400507518797,200.91257518796994
622,1,201.12920426065162,110.40673558897242,210.4640350877193,201.14369674185463,33.76691102756892,94.2918984962406,201.12920426065162
623,1,200.94591478696742,110.34161654135339,210.71521303258146,200.96120927318296,33.48290100250627,94.39553258145364,200.94591478696742
624,1,201.17620927318296,110.3750939849624,210.61614661654136,201.19666666666666,33.55174812030075,94.25119047619047,201.17620927318296
625,1,200.84393483709272,110.3600313283208,210.8454260651629,200.85686090225565,33.41077694235589,94.19228070175438,200.84393483709272
626,1,201.1851253132832,110.35429197994988,210.65478696741854,201.20120300751879,33.62687969924812,94.38453007518797,201.1851253132832
627,1,201.0834335839599,110.35209899749374,210.46261904761906,201.10136591478695,33.69417293233083,94.30916666666667,201.0834335839599
628,1,201.12880325814535,110.36217418546366,210.39942355889724,201.14966165413534,33.81544486215539,94.38926691729323,201.12880325814535
